﻿<?xml version='1.0' encoding='utf-8'?>
<doc><row><c>993302
</c><c>ダミーです。
</c><c>This is dumy data.
</c><c>112-499-8076
</c></row><row><c>288073
</c><c>裍閬谛除
</c><c>迣讫襕跲 5-5
</c><c>741-694-2763
</c></row><row><c>023448
</c><c>軻阫鐗靎
</c><c>賗贳豻詸 5-7
</c><c>550-288-9866
</c></row><row><c>221767
</c><c>貫輢酀隗
</c><c>觡諯詮迆 7-7
</c><c>925-409-0619
</c></row><row><c>176034
</c><c>静譊闽躇
</c><c>觘諉逡赪 8-9
</c><c>339-227-6599
</c></row><row><c>894951
</c><c>韤譃誌辬
</c><c>軫遍谙褆 7-1
</c><c>875-644-5886
</c></row><row><c>527305
</c><c>零複踊趣
</c><c>裓軓贑貄 7-3
</c><c>841-738-7272
</c></row><row><c>052145
</c><c>铠襨遧那
</c><c>訹諧赒辑 5-9
</c><c>360-649-7631
</c></row><row><c>697402
</c><c>谏鈴霈遠
</c><c>覮覿賵谻 6-3
</c><c>508-913-9869
</c></row><row><c>757983
</c><c>轗覾釵鐇
</c><c>訷辩譂裑 3-7
</c><c>557-111-0505
</c></row><row><c>310988
</c><c>郇諍阙酥
</c><c>觩裄谵谷 5-2
</c><c>340-703-3603
</c></row><row><c>115011
</c><c>鎩譡譮韝
</c><c>讙赝谣趥 7-9
</c><c>894-654-9952
</c></row><row><c>496741
</c><c>辄铸閽際
</c><c>譎軪跖躼 2-6
</c><c>402-554-2243
</c></row><row><c>527574
</c><c>郰韅銺钊
</c><c>諨讀觽赀 0-2
</c><c>163-673-7171
</c></row><row><c>149715
</c><c>銎豙讹賎
</c><c>貤詀赿謳 4-2
</c><c>972-212-0878
</c></row><row><c>905965
</c><c>迋锋靂跙
</c><c>謽詯謁蹚 5-9
</c><c>140-918-3213
</c></row><row><c>615254
</c><c>锰軤韼錷
</c><c>贕轥觯覻 7-9
</c><c>933-324-8148
</c></row><row><c>243371
</c><c>鋠许諒述
</c><c>诶資裌賀 0-9
</c><c>951-281-0795
</c></row><row><c>218130
</c><c>贿贾錉鐈
</c><c>貦证褐車 6-7
</c><c>283-938-6366
</c></row><row><c>145750
</c><c>顉謄銥逽
</c><c>讜輞謁詫 0-8
</c><c>230-430-0585
</c></row><row><c>844630
</c><c>詯諷訠靆
</c><c>觓谿譠襬 3-3
</c><c>864-352-4609
</c></row><row><c>472554
</c><c>觝随鉕諄
</c><c>迨裿貒誇 0-1
</c><c>787-100-8749
</c></row><row><c>731873
</c><c>詔酟鋿誽
</c><c>詍譗觻覤 5-1
</c><c>850-235-7808
</c></row><row><c>764701
</c><c>隋趝锶謕
</c><c>諆買躶誋 6-3
</c><c>981-888-3194
</c></row><row><c>661197
</c><c>蹺鋥詌錽
</c><c>襜跻訒誀 4-7
</c><c>848-393-9538
</c></row><row><c>875954
</c><c>負郪逥賬
</c><c>谮迵襂赟 6-3
</c><c>267-199-5064
</c></row><row><c>553620
</c><c>覭诜資那
</c><c>諍詴褵豀 3-4
</c><c>237-741-3839
</c></row><row><c>023777
</c><c>討詣賴跻
</c><c>论誅輻討 0-1
</c><c>967-507-4569
</c></row><row><c>107121
</c><c>踁购賈襱
</c><c>趚迅觎袦 0-5
</c><c>189-675-0315
</c></row><row><c>436784
</c><c>附鑀酑鄽
</c><c>訏訄豙譨 3-2
</c><c>698-203-4996
</c></row><row><c>762550
</c><c>阘觔鐀霡
</c><c>轜踒訣讧 0-0
</c><c>623-593-2820
</c></row><row><c>745853
</c><c>钷躹觾训
</c><c>軵誩諅跺 7-7
</c><c>622-231-9496
</c></row><row><c>372794
</c><c>鄭锁韾锊
</c><c>诅襥誝迹 1-3
</c><c>386-575-6917
</c></row><row><c>643041
</c><c>軓襾跅鍳
</c><c>詊谾谌蹢 2-2
</c><c>919-907-4925
</c></row><row><c>007978
</c><c>轊覵訙誌
</c><c>蹷跏迼诵 1-3
</c><c>149-182-5740
</c></row><row><c>863715
</c><c>覝鋳鄇謴
</c><c>迿询趎賉 3-0
</c><c>589-441-5877
</c></row><row><c>853561
</c><c>軶诰鏹霈
</c><c>連褛豟迨 9-9
</c><c>561-067-1221
</c></row><row><c>073632
</c><c>蹮霴锂賒
</c><c>软貭赭述 9-3
</c><c>124-696-8593
</c></row><row><c>215552
</c><c>説鈒赀逫
</c><c>跤訞辶辞 4-8
</c><c>206-249-7772
</c></row><row><c>461890
</c><c>霊醴酇閔
</c><c>褖蹄距诧 4-0
</c><c>274-280-0677
</c></row><row><c>675474
</c><c>訪辖赼议
</c><c>軉貔豉辤 3-8
</c><c>634-577-7069
</c></row><row><c>722717
</c><c>钙鍔較誏
</c><c>褡諠觲豗 5-2
</c><c>378-300-4971
</c></row><row><c>936405
</c><c>軆酎见闸
</c><c>謘觸躧賔 8-0
</c><c>567-782-9668
</c></row><row><c>050847
</c><c>袟覀閚銪
</c><c>躋訊跜豶 1-8
</c><c>332-601-0679
</c></row><row><c>760033
</c><c>釃鏺闍鐼
</c><c>諯襚觍轨 7-2
</c><c>123-273-9324
</c></row><row><c>780848
</c><c>觟讹袴貌
</c><c>諃跘讜谖 3-2
</c><c>307-574-4628
</c></row><row><c>162054
</c><c>陬輠閯靓
</c><c>覎蹐躖襰 4-2
</c><c>546-860-0013
</c></row><row><c>004204
</c><c>諚詍霬襔
</c><c>謰軆譛覂 2-0
</c><c>658-389-5869
</c></row><row><c>908211
</c><c>裌頫順霺
</c><c>逸踲趑蹔 0-2
</c><c>928-001-1582
</c></row><row><c>070833
</c><c>郟赉谟邞
</c><c>蹻詞逤褥 5-2
</c><c>999-820-5277
</c></row><row><c>727109
</c><c>貆辖鋉讔
</c><c>轱誻諿谐 1-5
</c><c>166-980-0908
</c></row><row><c>812989
</c><c>辞铡閮踞
</c><c>覻详軵襚 9-4
</c><c>008-371-5153
</c></row><row><c>901396
</c><c>貝钆賲长
</c><c>裋迏讏褋 9-5
</c><c>347-920-7666
</c></row><row><c>379790
</c><c>雐韚靬谒
</c><c>跰轑謱遁 6-9
</c><c>973-574-0649
</c></row><row><c>117349
</c><c>貣釞遀酙
</c><c>逯譭誘詥 1-3
</c><c>318-664-7513
</c></row><row><c>802763
</c><c>覾貘謽賆
</c><c>褜諘謮賋 0-4
</c><c>394-388-0815
</c></row><row><c>504240
</c><c>酸钉霹酖
</c><c>赈贁轊速 8-7
</c><c>333-128-9892
</c></row><row><c>744183
</c><c>鏂鞓鞛辥
</c><c>辮迅謺跚 2-5
</c><c>011-439-3269
</c></row><row><c>916287
</c><c>躋謿铮酳
</c><c>軖譃誃裶 6-1
</c><c>085-371-1487
</c></row><row><c>537102
</c><c>襮软賈込
</c><c>誱觗褰軗 5-7
</c><c>994-537-1840
</c></row><row><c>136829
</c><c>鏻踯钜銅
</c><c>道贯该趘 7-3
</c><c>185-557-3897
</c></row><row><c>182950
</c><c>襉鄅銀鋻
</c><c>遅誨覹贿 3-6
</c><c>510-078-6101
</c></row><row><c>179227
</c><c>謼銤銇遛
</c><c>賛踰詆訴 9-0
</c><c>849-193-6319
</c></row><row><c>191486
</c><c>诽躈酵訫
</c><c>逾輆辎贄 6-4
</c><c>481-425-0254
</c></row><row><c>329834
</c><c>靭诅襹轡
</c><c>訢趲赱跘 2-4
</c><c>624-158-0514
</c></row><row><c>280581
</c><c>覺遌觮鋰
</c><c>訦褰賝蹅 6-0
</c><c>720-151-2950
</c></row><row><c>037032
</c><c>鈔贬貑鏖
</c><c>赪识軌讌 2-2
</c><c>076-066-5807
</c></row><row><c>949936
</c><c>韆頩踟钏
</c><c>谥逭譋辫 7-9
</c><c>371-321-1506
</c></row><row><c>131245
</c><c>鉳訬贴蹊
</c><c>贃裮裬诖 9-4
</c><c>987-081-9751
</c></row><row><c>996902
</c><c>踛貸阱銔
</c><c>贘諆覊讑 0-6
</c><c>284-094-9741
</c></row><row><c>331711
</c><c>跍醭酒釰
</c><c>赡覤讧軸 3-6
</c><c>156-358-1958
</c></row><row><c>441774
</c><c>辵鎺郚韂
</c><c>謥貧輆袬 1-7
</c><c>780-588-1686
</c></row><row><c>718659
</c><c>關铝镎鑒
</c><c>贀辯豗覯 6-3
</c><c>735-304-5428
</c></row><row><c>940979
</c><c>豽靗躻载
</c><c>觐觉踤跡 0-3
</c><c>439-713-2535
</c></row><row><c>996490
</c><c>鑉轝鐝覍
</c><c>赖辐诈觿 2-2
</c><c>827-424-5322
</c></row><row><c>908494
</c><c>鐵釵輴霛
</c><c>賻躪觡覠 1-2
</c><c>637-137-8448
</c></row><row><c>330199
</c><c>隉賸雺訢
</c><c>诽證訥裁 7-7
</c><c>005-815-9214
</c></row><row><c>669669
</c><c>詪鄫詹諽
</c><c>踍貎訾諩 5-2
</c><c>292-175-8646
</c></row><row><c>686822
</c><c>逴雥闉諐
</c><c>貸謘诉輛 4-8
</c><c>203-011-8756
</c></row><row><c>273233
</c><c>誮镨訕谙
</c><c>逪貉诧迼 6-7
</c><c>652-460-5284
</c></row><row><c>525513
</c><c>锘逡趴靝
</c><c>觺軽遆謂 2-5
</c><c>610-144-7310
</c></row><row><c>330062
</c><c>讇隃靱韟
</c><c>袿貋誆蹩 7-9
</c><c>669-383-8161
</c></row><row><c>684200
</c><c>谉迤酟鍆
</c><c>覯軼誆蹓 7-4
</c><c>398-545-5400
</c></row><row><c>311617
</c><c>醼鐷躎褭
</c><c>謒諴跶豽 2-2
</c><c>293-125-1885
</c></row><row><c>349797
</c><c>鈁鎞阻鐵
</c><c>豾謚讲诒 6-0
</c><c>047-019-2214
</c></row><row><c>528166
</c><c>雄顔鏱陳
</c><c>誕逴述诠 7-6
</c><c>717-838-7417
</c></row><row><c>068796
</c><c>褱韟裬锷
</c><c>豴輇逡諯 6-5
</c><c>448-651-4552
</c></row><row><c>573401
</c><c>论証関複
</c><c>輤謃詖贙 4-7
</c><c>708-127-3983
</c></row><row><c>321335
</c><c>譚迶轀邨
</c><c>諃豈转躉 3-2
</c><c>690-292-6480
</c></row><row><c>971416
</c><c>韞襯谙軓
</c><c>诲襬轺譣 6-0
</c><c>605-758-6347
</c></row><row><c>686818
</c><c>鈍辜誮韵
</c><c>讪豖裒褧 4-6
</c><c>821-867-6764
</c></row><row><c>580552
</c><c>送靂鉀靏
</c><c>貖貀辢連 0-8
</c><c>247-906-0837
</c></row><row><c>728790
</c><c>靍鄾詠謯
</c><c>训謽贚赜 7-5
</c><c>845-558-9322
</c></row><row><c>563657
</c><c>铚醔詙赖
</c><c>逶趠踛貗 8-6
</c><c>795-478-0667
</c></row><row><c>725066
</c><c>醻踳財賮
</c><c>跶軿輪貏 2-7
</c><c>273-122-2212
</c></row><row><c>720060
</c><c>陜閜酮鎒
</c><c>襴軐趻蹔 8-0
</c><c>605-199-5286
</c></row><row><c>083958
</c><c>鐙迩阄逗
</c><c>轄軬轀詄 6-8
</c><c>314-612-8761
</c></row><row><c>028836
</c><c>鏻邃诣賻
</c><c>觅譪誯誥 9-0
</c><c>249-935-0409
</c></row><row><c>648769
</c><c>鎫鍀鎔襾
</c><c>裊辩贑謀 8-7
</c><c>144-106-5254
</c></row><row><c>130635
</c><c>鈹镁讅鎏
</c><c>豧跅迗觢 3-3
</c><c>162-646-9658
</c></row><row><c>508951
</c><c>跺頿谐銜
</c><c>逊貹诇訌 4-5
</c><c>058-737-4865
</c></row><row><c>055156
</c><c>謒趮诞阫
</c><c>諐踂豈躩 6-4
</c><c>875-576-6605
</c></row><row><c>561421
</c><c>鐚霻訥逼
</c><c>詅詧遐襖 7-1
</c><c>054-790-6677
</c></row><row><c>172058
</c><c>讷践韫訃
</c><c>褶賦迓訙 6-0
</c><c>714-010-2518
</c></row><row><c>298390
</c><c>酨謁觖详
</c><c>迣襼訚谵 5-6
</c><c>098-838-2806
</c></row><row><c>652369
</c><c>讴閡释銋
</c><c>謨観賥輠 4-1
</c><c>129-821-5060
</c></row><row><c>935201
</c><c>覯讏迚遤
</c><c>褨诏諼貐 2-1
</c><c>941-601-8607
</c></row><row><c>418079
</c><c>鏍锐逤袨
</c><c>轷赳褂謆 7-1
</c><c>135-768-7162
</c></row><row><c>070603
</c><c>诽订軘闌
</c><c>貯谦讦褂 5-8
</c><c>126-996-9965
</c></row><row><c>864624
</c><c>醋鋱鎜譝
</c><c>謪躶逎諊 6-4
</c><c>608-419-9288
</c></row><row><c>536674
</c><c>靕鉉鍟隉
</c><c>轼裏逞辅 2-3
</c><c>475-796-3379
</c></row><row><c>039803
</c><c>裵闥貎跚
</c><c>讋距說躀 3-7
</c><c>913-569-2720
</c></row><row><c>264696
</c><c>陚酠鍨親
</c><c>轱賝賅謳 1-1
</c><c>947-870-5187
</c></row><row><c>741112
</c><c>誝铩锗襘
</c><c>覤踏讉褖 6-7
</c><c>728-584-1743
</c></row><row><c>456049
</c><c>褻鈳詫鉛
</c><c>賮贄蹔輥 8-0
</c><c>293-649-9367
</c></row><row><c>325211
</c><c>閷酜辗謠
</c><c>調蹗褲袰 9-9
</c><c>366-136-6973
</c></row><row><c>648669
</c><c>践頾閴雾
</c><c>谒諟跇觡 8-1
</c><c>512-774-0180
</c></row><row><c>722369
</c><c>钺醺鈐詨
</c><c>袸輬轗遏 0-2
</c><c>517-756-6515
</c></row><row><c>973888
</c><c>誨镱靴訚
</c><c>谳褁觍讫 1-3
</c><c>007-234-3650
</c></row><row><c>519427
</c><c>雚鍎酹閶
</c><c>謍跰豙踀 7-6
</c><c>042-957-7226
</c></row><row><c>311975
</c><c>輗镫酩賣
</c><c>褋诺誃貍 3-4
</c><c>925-617-4359
</c></row><row><c>385143
</c><c>郎随謄輾
</c><c>觘跧诞豉 8-7
</c><c>992-399-5355
</c></row><row><c>640329
</c><c>輄镹闢镍
</c><c>軛諁蹜躷 1-1
</c><c>615-330-0433
</c></row><row><c>525016
</c><c>軺輯迷褯
</c><c>豁貶谒蹝 5-2
</c><c>969-400-5487
</c></row><row><c>959957
</c><c>身雽襜鎑
</c><c>赤逤躲誴 6-0
</c><c>468-670-5337
</c></row><row><c>913476
</c><c>霆裹郈谭
</c><c>躛议諍赚 7-8
</c><c>786-487-6013
</c></row><row><c>730297
</c><c>閵貤赌鈗
</c><c>諀赂跻诽 0-2
</c><c>626-598-1921
</c></row><row><c>877833
</c><c>觾贰铿購
</c><c>謷訖贉賆 9-0
</c><c>689-434-8397
</c></row><row><c>452220
</c><c>鏕顛鐋軄
</c><c>迍诺谪週 3-4
</c><c>111-849-5570
</c></row><row><c>503524
</c><c>鍮蹝釔鎋
</c><c>躝赀贈试 9-0
</c><c>290-212-9513
</c></row><row><c>261153
</c><c>鞧詷鈀迻
</c><c>觺诉譧褱 2-5
</c><c>136-713-3210
</c></row><row><c>505111
</c><c>遃陃諂迍
</c><c>贬詬認袮 0-6
</c><c>534-759-4310
</c></row><row><c>277663
</c><c>隬鍃谼郪
</c><c>趂覈话訫 6-8
</c><c>565-701-6856
</c></row><row><c>041091
</c><c>鎚趺誋裗
</c><c>裒谺訉躛 6-8
</c><c>347-681-3376
</c></row><row><c>917169
</c><c>霧辘閂逾
</c><c>觉豅讓觃 3-9
</c><c>883-505-0682
</c></row><row><c>348360
</c><c>軻跊詝韉
</c><c>遅貄诅蹕 3-2
</c><c>599-630-6952
</c></row><row><c>264145
</c><c>跤韖酹釥
</c><c>赠轖踶询 2-4
</c><c>459-179-4363
</c></row><row><c>574456
</c><c>鐋锵銘鈔
</c><c>迖蹎訢踛 2-0
</c><c>083-528-8875
</c></row><row><c>198441
</c><c>酩邋訙釙
</c><c>遆进赔跓 4-7
</c><c>486-239-6516
</c></row><row><c>704773
</c><c>鎗輬赿諣
</c><c>赓警詶豴 9-6
</c><c>494-445-7543
</c></row><row><c>529743
</c><c>銠酒鐳誷
</c><c>輱諑轢賋 7-7
</c><c>952-096-2669
</c></row><row><c>342861
</c><c>軞诒輾错
</c><c>讕襍軬踈 3-9
</c><c>624-288-2781
</c></row><row><c>973560
</c><c>韫轃遴鉥
</c><c>誂赓輶謳 8-9
</c><c>234-282-8894
</c></row><row><c>675536
</c><c>跩贋鄕鑂
</c><c>詚貚豻謠 8-4
</c><c>363-311-9634
</c></row><row><c>628952
</c><c>鑪鏩錴週
</c><c>誚訇軣貅 2-5
</c><c>047-933-2222
</c></row><row><c>758194
</c><c>袣鐪裶迾
</c><c>覿覿觐轆 3-3
</c><c>212-817-4293
</c></row><row><c>719800
</c><c>錉趇誙轫
</c><c>躲踜逵譳 0-0
</c><c>249-991-0023
</c></row><row><c>246546
</c><c>謿閶赼觯
</c><c>躆軓读训 6-3
</c><c>888-271-4442
</c></row><row><c>402535
</c><c>闑貊闠诪
</c><c>赕譳覟逤 1-9
</c><c>192-095-4056
</c></row><row><c>145728
</c><c>铀隽遛覀
</c><c>贑諾賋讚 3-2
</c><c>569-157-1669
</c></row><row><c>203292
</c><c>賴趥鈳购
</c><c>譖訂軅趕 0-0
</c><c>705-480-2963
</c></row><row><c>839296
</c><c>鞞頑鑐閒
</c><c>諄躛裰贆 4-7
</c><c>263-444-9345
</c></row><row><c>341071
</c><c>轰顕裴隍
</c><c>誻谱趻諜 5-9
</c><c>734-044-4851
</c></row><row><c>756140
</c><c>谪鐍輒誒
</c><c>訚賯谊覄 4-9
</c><c>933-916-8422
</c></row><row><c>736367
</c><c>軃軖詤跲
</c><c>襇赞譀貗 3-0
</c><c>493-604-7050
</c></row><row><c>067728
</c><c>钯銇輝镹
</c><c>诣謖賨轚 1-6
</c><c>587-487-3623
</c></row><row><c>921124
</c><c>诒銍裆記
</c><c>誂褞赶訊 8-2
</c><c>741-485-7567
</c></row><row><c>132304
</c><c>队鈓辢讬
</c><c>褴貅谿车 4-3
</c><c>782-821-2013
</c></row><row><c>860464
</c><c>踵裾郒轋
</c><c>谍貿询谆 3-1
</c><c>862-268-3118
</c></row><row><c>940236
</c><c>靂閚赩觧
</c><c>轒貮袬跎 0-4
</c><c>157-541-5490
</c></row><row><c>483072
</c><c>鄟里郷闵
</c><c>豈諕觳逴 2-1
</c><c>807-630-6266
</c></row><row><c>314077
</c><c>讨襾頰軳
</c><c>誺蹬赓诈 4-0
</c><c>901-342-1062
</c></row><row><c>927644
</c><c>鈉見鞗註
</c><c>辬踋誋譴 0-3
</c><c>217-988-5455
</c></row><row><c>710471
</c><c>褚鄫踼銥
</c><c>譤跌诖逯 4-0
</c><c>700-505-3217
</c></row><row><c>944743
</c><c>賉覞躍譿
</c><c>貞账買覜 8-4
</c><c>141-853-4441
</c></row><row><c>113256
</c><c>鄌讋軳賺
</c><c>訨誷袰訤 8-1
</c><c>743-016-9870
</c></row><row><c>616891
</c><c>豱話銓蹔
</c><c>謧賈蹏覕 3-0
</c><c>203-235-9969
</c></row><row><c>745341
</c><c>鋉遁雡詸
</c><c>軂諾迏辤 6-2
</c><c>182-600-7999
</c></row><row><c>175451
</c><c>鉖遈趓贑
</c><c>裪諳負踋 0-1
</c><c>307-307-5556
</c></row><row><c>299872
</c><c>諌詋遐赁
</c><c>訟諚訸裶 9-6
</c><c>629-911-6274
</c></row><row><c>203389
</c><c>頢隙讆贙
</c><c>诈边越诚 4-3
</c><c>289-825-8917
</c></row><row><c>419941
</c><c>轅錎蹹頝
</c><c>貲运訆试 8-6
</c><c>565-909-1892
</c></row><row><c>733965
</c><c>酎靿酢覓
</c><c>裶觱輶貑 2-3
</c><c>438-271-8402
</c></row><row><c>117242
</c><c>顯鄍鐊遽
</c><c>貤赜蹱蹝 4-8
</c><c>499-455-6951
</c></row><row><c>906221
</c><c>鉦閟逻襩
</c><c>迆赁軱迵 6-1
</c><c>009-329-7061
</c></row><row><c>056110
</c><c>觔韒韶觶
</c><c>趫輟裛贖 7-9
</c><c>480-789-2042
</c></row><row><c>035649
</c><c>赭覛輠鐱
</c><c>褼讥覇迏 2-9
</c><c>673-272-1584
</c></row><row><c>721794
</c><c>阷訯韌醂
</c><c>轕諪贛辀 3-2
</c><c>566-429-4379
</c></row><row><c>908008
</c><c>輠雷諽蹅
</c><c>资跛诏踀 4-5
</c><c>140-238-6472
</c></row><row><c>302741
</c><c>鞂躿釹輜
</c><c>谗進豣觩 3-4
</c><c>348-384-1938
</c></row><row><c>088047
</c><c>襕趗铐轋
</c><c>趔谴趴諕 4-2
</c><c>014-501-6146
</c></row><row><c>160904
</c><c>階郈鎼财
</c><c>謑迋貼踮 1-1
</c><c>145-186-3382
</c></row><row><c>083998
</c><c>韏醺觶釫
</c><c>襊訞軴褅 6-8
</c><c>503-285-4496
</c></row><row><c>038467
</c><c>辖订贐谽
</c><c>赖辑逞谆 2-3
</c><c>379-403-0815
</c></row><row><c>287051
</c><c>郥謨鑠訒
</c><c>譌裧貣訞 0-7
</c><c>817-280-3510
</c></row><row><c>829415
</c><c>辕記鉵鋍
</c><c>貺车諰谠 6-0
</c><c>942-752-5770
</c></row><row><c>956408
</c><c>酬賰鉸誃
</c><c>跾褡迼遌 0-5
</c><c>916-280-2173
</c></row><row><c>010934
</c><c>鄲雮鏐鍡
</c><c>譮軇覇诐 4-1
</c><c>561-363-0830
</c></row><row><c>766538
</c><c>霺輚踨蹝
</c><c>褽谩誣辻 3-1
</c><c>469-310-0175
</c></row><row><c>667926
</c><c>軂钢醙鉎
</c><c>賴诼辙诬 4-6
</c><c>530-210-2532
</c></row><row><c>993713
</c><c>铮闭附迍
</c><c>謒轌趶諔 2-4
</c><c>147-860-5400
</c></row><row><c>410127
</c><c>譠趒郛顱
</c><c>轚覗趭豸 8-3
</c><c>797-238-5716
</c></row><row><c>987496
</c><c>鉿豎隵赊
</c><c>軜輛賋覲 2-5
</c><c>210-370-5608
</c></row><row><c>044420
</c><c>訾開铇赀
</c><c>賽逗諜詘 3-7
</c><c>338-820-9811
</c></row><row><c>781610
</c><c>詧銯醇鈭
</c><c>詅誣諏賃 7-1
</c><c>891-628-1467
</c></row><row><c>431392
</c><c>靊躜陫钪
</c><c>谰贱讚觾 8-5
</c><c>214-092-1976
</c></row><row><c>288867
</c><c>踲酖鈤誧
</c><c>袤輿車請 0-1
</c><c>897-105-9388
</c></row><row><c>331774
</c><c>謶谋譖鋮
</c><c>觛觪訄訏 1-6
</c><c>721-045-4012
</c></row><row><c>508388
</c><c>閯诙閪諵
</c><c>軷蹀誗走 9-6
</c><c>965-089-0872
</c></row><row><c>969648
</c><c>鏖谽观銸
</c><c>諨褆讴褆 0-8
</c><c>298-263-8226
</c></row><row><c>990541
</c><c>諁譼鑨酣
</c><c>觓讑觮讑 3-9
</c><c>746-490-1629
</c></row><row><c>886361
</c><c>頩覈鞻鞩
</c><c>謒轅轡认 2-7
</c><c>984-988-9392
</c></row><row><c>742195
</c><c>镙鞞觀錬
</c><c>誃蹲踊賹 9-6
</c><c>534-217-5173
</c></row><row><c>746620
</c><c>鋫隣迈覌
</c><c>轪輁词詮 4-9
</c><c>562-767-4081
</c></row><row><c>664813
</c><c>複观銩贊
</c><c>跛超诿訕 5-9
</c><c>131-779-7874
</c></row><row><c>939503
</c><c>褸鋍趾跏
</c><c>逳軓輮謠 5-3
</c><c>022-938-4471
</c></row><row><c>461194
</c><c>鎃豷誕诋
</c><c>趐踞謑辰 0-2
</c><c>478-651-3478
</c></row><row><c>496614
</c><c>镤釕踴迴
</c><c>详躙赌豹 4-5
</c><c>073-908-7227
</c></row><row><c>397065
</c><c>輄軺赅豛
</c><c>觔輶詠轝 4-2
</c><c>637-422-7540
</c></row><row><c>829946
</c><c>邏雮鏲諓
</c><c>辂褄誱詑 8-6
</c><c>481-920-8079
</c></row><row><c>997026
</c><c>褟酹邐鏲
</c><c>讣迡較軔 7-3
</c><c>230-598-3741
</c></row><row><c>304321
</c><c>謡诨銝蹙
</c><c>辠貊覯襛 8-8
</c><c>629-602-0562
</c></row><row><c>641241
</c><c>遬讓遭陵
</c><c>路誶軞裔 5-0
</c><c>298-374-0113
</c></row><row><c>686570
</c><c>豅进隝針
</c><c>謽讔轂誡 5-2
</c><c>185-834-6097
</c></row><row><c>440650
</c><c>躕譏錮賧
</c><c>袠諫輍褈 6-3
</c><c>119-683-8576
</c></row><row><c>367388
</c><c>邺諴袮阑
</c><c>褌觇軐趏 4-1
</c><c>471-518-0869
</c></row><row><c>741559
</c><c>跱障襐躓
</c><c>讋谤詅讶 3-6
</c><c>508-445-2443
</c></row><row><c>422019
</c><c>隴邪閬顲
</c><c>赟讏謒赖 1-7
</c><c>256-698-3024
</c></row><row><c>558012
</c><c>觉錫豇譊
</c><c>赎軜遇跿 4-2
</c><c>239-687-9458
</c></row><row><c>208726
</c><c>輂锉靠阿
</c><c>謞謸蹮距 4-0
</c><c>040-405-3247
</c></row><row><c>833362
</c><c>蹩鏚鉧锰
</c><c>貹赾逕袬 5-2
</c><c>594-591-3358
</c></row><row><c>105706
</c><c>郵覰韶襁
</c><c>謷贡誇踩 9-9
</c><c>059-246-2752
</c></row><row><c>412115
</c><c>谸詉钠裯
</c><c>趠貾躱軙 6-0
</c><c>233-108-3910
</c></row><row><c>304374
</c><c>铳輓詿课
</c><c>迨辍裧诛 0-9
</c><c>150-725-3929
</c></row><row><c>676543
</c><c>閄顮鐗赶
</c><c>詠赙覯談 4-5
</c><c>052-880-9206
</c></row><row><c>991712
</c><c>鐊鍒铀貢
</c><c>諴賂觗覿 2-4
</c><c>191-781-3683
</c></row><row><c>636730
</c><c>袼赋鑧銵
</c><c>蹯谨賬袨 3-0
</c><c>538-023-3068
</c></row><row><c>218185
</c><c>貱謴靈詔
</c><c>謍覀诉譎 7-0
</c><c>176-624-6013
</c></row><row><c>211774
</c><c>郥覤讆譲
</c><c>边蹐豾跆 3-2
</c><c>520-163-3333
</c></row><row><c>515408
</c><c>遙赆诞靽
</c><c>赊豍讓詯 0-7
</c><c>179-981-9347
</c></row><row><c>830711
</c><c>陳诰購記
</c><c>逖躹覉趯 6-7
</c><c>408-508-5893
</c></row><row><c>345223
</c><c>譓部鏩訾
</c><c>覥豩轥辎 7-5
</c><c>788-083-5209
</c></row><row><c>914616
</c><c>詯跄霺鉨
</c><c>貪賿轟這 0-5
</c><c>831-071-8346
</c></row><row><c>220051
</c><c>辑袾锿趆
</c><c>轅迿裰逵 7-3
</c><c>507-917-7410
</c></row><row><c>360499
</c><c>讳贖蹲諜
</c><c>蹳误覷豠 7-3
</c><c>235-344-9965
</c></row><row><c>689153
</c><c>靻顦蹬钉
</c><c>襬躮蹶跹 0-6
</c><c>469-502-0617
</c></row><row><c>865244
</c><c>鍍顕酚鉥
</c><c>谂褟輭褳 2-3
</c><c>845-608-3213
</c></row><row><c>588763
</c><c>顢鋊頹蹤
</c><c>豞趵逜贫 4-7
</c><c>893-161-9842
</c></row><row><c>326039
</c><c>軧韥踻诫
</c><c>輩裉譼軰 9-7
</c><c>925-738-1718
</c></row><row><c>570894
</c><c>韮锎邧邳
</c><c>豈谰轐豶 2-8
</c><c>234-410-6942
</c></row><row><c>350094
</c><c>隲錆雃輚
</c><c>詀謹誘迧 2-1
</c><c>012-849-9499
</c></row><row><c>806035
</c><c>谨譕豳襯
</c><c>輕誤覀誟 9-2
</c><c>576-614-0549
</c></row><row><c>380974
</c><c>鏗酃闔跙
</c><c>輘裍逓辀 2-1
</c><c>404-559-0213
</c></row><row><c>188298
</c><c>譖躊辯軆
</c><c>豺跀贺觔 2-8
</c><c>093-145-4813
</c></row><row><c>230921
</c><c>问闹鄒雿
</c><c>跭覴跂迣 3-2
</c><c>614-818-9786
</c></row><row><c>343800
</c><c>邙跁觧贻
</c><c>贠諺誌贑 8-8
</c><c>047-773-4712
</c></row><row><c>950388
</c><c>頥鑆陬鈘
</c><c>解謈褰迪 9-2
</c><c>540-866-8425
</c></row><row><c>515063
</c><c>錭轭鏳頁
</c><c>踵覲译貅 5-0
</c><c>053-641-2993
</c></row><row><c>581687
</c><c>鞝鑅蹍鞛
</c><c>躊諘迵褑 0-4
</c><c>952-094-9183
</c></row><row><c>174478
</c><c>陔豨豃誢
</c><c>蹮讏超蹐 2-7
</c><c>896-024-1348
</c></row><row><c>357981
</c><c>觡鎙贗要
</c><c>谚讈袣趼 6-0
</c><c>068-402-9651
</c></row><row><c>869490
</c><c>賻负阫让
</c><c>謾訬起誋 6-2
</c><c>821-198-0595
</c></row><row><c>787189
</c><c>邹观讉軚
</c><c>贘賮遃诠 0-8
</c><c>133-669-1205
</c></row><row><c>590100
</c><c>金蹅鐐鎂
</c><c>蹡谠躹踀 9-2
</c><c>870-157-6240
</c></row><row><c>035978
</c><c>诿跜蹴銺
</c><c>豝販谔誥 3-9
</c><c>998-086-6808
</c></row><row><c>460445
</c><c>钋豶詫雷
</c><c>輆躰躪轪 4-8
</c><c>934-735-9200
</c></row><row><c>062493
</c><c>褗賛醃诫
</c><c>觢赞輪襾 8-0
</c><c>242-872-5984
</c></row><row><c>764707
</c><c>遇鋿誯闞
</c><c>踅诘辋谼 7-0
</c><c>417-160-8157
</c></row><row><c>473662
</c><c>頻陝鞮訸
</c><c>襲趰訔謀 6-2
</c><c>987-492-1829
</c></row><row><c>867440
</c><c>購貢觎醒
</c><c>襦跍豟賂 4-1
</c><c>255-887-1009
</c></row><row><c>248336
</c><c>頖鞮贌迊
</c><c>轗襭踚踘 5-1
</c><c>389-268-9194
</c></row><row><c>235470
</c><c>遳铳躜雳
</c><c>譢豼運迂 2-4
</c><c>064-360-4913
</c></row><row><c>273125
</c><c>鐱邲郓赗
</c><c>貇覌谺豶 5-2
</c><c>783-373-8700
</c></row><row><c>880337
</c><c>锦覍襸鍅
</c><c>觘謝襭褡 8-3
</c><c>694-231-5868
</c></row><row><c>241315
</c><c>頠襵踧邡
</c><c>讯貁輆覹 9-9
</c><c>248-427-8101
</c></row><row><c>470968
</c><c>责钔鈮靇
</c><c>轔踥輓詘 2-9
</c><c>135-516-7446
</c></row><row><c>367955
</c><c>韃锞鍦躛
</c><c>蹅袲詷踪 1-4
</c><c>669-060-0880
</c></row><row><c>382053
</c><c>褝铽鄹諞
</c><c>譤謝赁譓 4-3
</c><c>799-652-8115
</c></row><row><c>056771
</c><c>鍓雪釛識
</c><c>觑詗贴趍 1-5
</c><c>740-388-8834
</c></row><row><c>120539
</c><c>輩頭鞏裖
</c><c>誎謢軉诨 0-8
</c><c>641-995-3598
</c></row><row><c>953339
</c><c>谔鞠郳諍
</c><c>谕詆販逇 1-8
</c><c>480-678-1003
</c></row><row><c>075790
</c><c>铆觻谸賣
</c><c>褔贤轙较 2-2
</c><c>485-274-3660
</c></row><row><c>222285
</c><c>誖鏿趲贏
</c><c>诩裭輕謃 7-3
</c><c>764-028-9039
</c></row><row><c>635157
</c><c>軎辋赦褙
</c><c>襓躞轥躙 5-0
</c><c>694-342-8497
</c></row><row><c>907226
</c><c>觗鑄襔貣
</c><c>裓裹豃辥 7-5
</c><c>195-110-6541
</c></row><row><c>406347
</c><c>讝讨隋迴
</c><c>觡褗踾賶 7-5
</c><c>521-744-7687
</c></row><row><c>698819
</c><c>躎酪釲钖
</c><c>贾还褵覰 8-4
</c><c>674-658-0160
</c></row><row><c>324821
</c><c>賛迤鍠陧
</c><c>褗趌辙逫 5-6
</c><c>701-505-5813
</c></row><row><c>953801
</c><c>閛象锨詎
</c><c>輂謶誱视 0-8
</c><c>283-748-3445
</c></row><row><c>523542
</c><c>遹蹨酮詅
</c><c>詌譯軇觹 4-5
</c><c>543-220-4274
</c></row><row><c>439813
</c><c>霯鎲钇鐾
</c><c>誟趠賑覟 7-6
</c><c>092-075-0799
</c></row><row><c>061452
</c><c>鋡轖阆覣
</c><c>讳軴谆趤 3-6
</c><c>032-155-4547
</c></row><row><c>833947
</c><c>跿邻賗踜
</c><c>賺适襴裺 0-6
</c><c>839-973-3255
</c></row><row><c>793827
</c><c>誷辟軳醐
</c><c>軭谤起豦 9-6
</c><c>651-100-4092
</c></row><row><c>936226
</c><c>鑯襨踺裞
</c><c>賄裃諈踠 6-1
</c><c>366-883-6957
</c></row><row><c>174969
</c><c>踱鈓鑘詼
</c><c>輥諌貃踿 5-2
</c><c>319-077-2021
</c></row><row><c>907407
</c><c>警醧袦霻
</c><c>觽褢起辯 5-6
</c><c>207-453-5473
</c></row><row><c>571980
</c><c>謖鍳輱霬
</c><c>赘貯責詉 4-5
</c><c>690-147-4356
</c></row><row><c>462993
</c><c>裳譊誚貁
</c><c>謶褽逾轊 8-3
</c><c>472-548-0847
</c></row><row><c>875144
</c><c>郻迣隞钡
</c><c>辽跙诀裓 7-3
</c><c>746-387-1985
</c></row><row><c>062349
</c><c>酗跴譚詚
</c><c>軱賂謥裱 3-4
</c><c>730-380-7030
</c></row><row><c>692055
</c><c>諏躏鍵西
</c><c>贲近豩遆 6-7
</c><c>343-783-7268
</c></row><row><c>874205
</c><c>釮辬邢遮
</c><c>辚訷辤觶 2-3
</c><c>862-115-4457
</c></row><row><c>499761
</c><c>襅裼辬陉
</c><c>蹩蹻貣諹 7-5
</c><c>809-626-5522
</c></row><row><c>890066
</c><c>褗讋跙訇
</c><c>詈訷謥訩 0-3
</c><c>011-336-6680
</c></row><row><c>100576
</c><c>觡袳鎅铀
</c><c>謑謸赯誶 1-0
</c><c>327-722-7159
</c></row><row><c>191263
</c><c>见轫銟輩
</c><c>躬赽裖贳 4-1
</c><c>418-929-1183
</c></row><row><c>401267
</c><c>迃銇賤辋
</c><c>询费谑诽 0-3
</c><c>965-529-0964
</c></row><row><c>456334
</c><c>韢輪雀酙
</c><c>輍赓豲諐 1-9
</c><c>598-353-8015
</c></row><row><c>681486
</c><c>踬褱鈧鞣
</c><c>贛轿趉踞 3-5
</c><c>244-499-4750
</c></row><row><c>670876
</c><c>釻襻轑隖
</c><c>踐跌躾趜 8-0
</c><c>475-289-9207
</c></row><row><c>618174
</c><c>頩鈳论頲
</c><c>褋踒贓诌 3-0
</c><c>878-734-0060
</c></row><row><c>093330
</c><c>靹鏂韴钴
</c><c>躅躼譜趓 5-0
</c><c>231-301-3564
</c></row><row><c>674803
</c><c>貳錖覼轤
</c><c>諒裕逻辵 8-9
</c><c>635-992-1615
</c></row><row><c>840541
</c><c>鎢邐錐那
</c><c>賉諞躗觩 1-0
</c><c>761-875-3344
</c></row><row><c>399216
</c><c>軳轫軀鈷
</c><c>谝跱该踴 9-7
</c><c>826-619-6891
</c></row><row><c>616391
</c><c>轄诉輜諩
</c><c>袰輩賊辚 2-9
</c><c>716-596-5908
</c></row><row><c>812281
</c><c>踢轧鉴觗
</c><c>諪賸詏轫 2-8
</c><c>868-760-4518
</c></row><row><c>770999
</c><c>鉃霐轗霨
</c><c>蹍諕譗贜 9-1
</c><c>070-774-6158
</c></row><row><c>530075
</c><c>野讪鎢迴
</c><c>讨軳讎補 2-5
</c><c>034-154-3973
</c></row><row><c>844724
</c><c>韼跉雊靛
</c><c>辫諔逵貣 9-0
</c><c>899-936-3771
</c></row><row><c>327471
</c><c>訛貚郒阘
</c><c>遂貋逑襍 0-9
</c><c>806-222-5937
</c></row><row><c>311337
</c><c>镧钆裻诶
</c><c>覎褉詩覯 4-1
</c><c>723-793-9462
</c></row><row><c>958833
</c><c>錸邰锉闤
</c><c>調譣访诩 9-3
</c><c>592-318-8733
</c></row><row><c>935194
</c><c>躢遹讱镃
</c><c>输訬逍襎 5-2
</c><c>658-430-4452
</c></row><row><c>473320
</c><c>諱閻軆酆
</c><c>轶逃軓豃 6-7
</c><c>021-779-5370
</c></row><row><c>606402
</c><c>跁阌谿隸
</c><c>遂辭讔趺 0-1
</c><c>613-089-1723
</c></row><row><c>111562
</c><c>豔贁集锽
</c><c>詙譱躴视 7-7
</c><c>444-400-1477
</c></row><row><c>041169
</c><c>诸閭遁閲
</c><c>躒覅躌褐 8-5
</c><c>929-745-8640
</c></row><row><c>619850
</c><c>谲酤頪襘
</c><c>譥躸觷趸 5-6
</c><c>802-669-4254
</c></row><row><c>656652
</c><c>诮躸釆趀
</c><c>輚豫讌豥 4-7
</c><c>526-785-6931
</c></row><row><c>206054
</c><c>錙鏕閟障
</c><c>誷跛謌貤 1-5
</c><c>690-031-5008
</c></row><row><c>232994
</c><c>門镢辋边
</c><c>谘赛遀褶 4-7
</c><c>120-120-1445
</c></row><row><c>412278
</c><c>貺陈闰豯
</c><c>讖誉謸貌 4-5
</c><c>977-035-6470
</c></row><row><c>730083
</c><c>逐譌靡跇
</c><c>譄趧谵蹙 2-3
</c><c>917-344-0363
</c></row><row><c>749219
</c><c>贃退譽雨
</c><c>袷袡贐蹒 9-7
</c><c>492-046-7603
</c></row><row><c>896922
</c><c>迟踉锹銯
</c><c>迂赺谬輙 2-8
</c><c>507-803-7871
</c></row><row><c>316047
</c><c>逖錒趖釽
</c><c>觸誉褒躓 0-5
</c><c>071-867-9429
</c></row><row><c>448763
</c><c>陫遽鉺靁
</c><c>迩貌赐蹁 1-0
</c><c>467-151-5862
</c></row><row><c>130744
</c><c>鑅醈輜雺
</c><c>跍贒襘遊 1-4
</c><c>884-872-9062
</c></row><row><c>968558
</c><c>鍾贝铋閉
</c><c>趖赧諩裣 6-9
</c><c>886-297-6547
</c></row><row><c>823414
</c><c>鞿诤輀韞
</c><c>躀襘辶訷 0-0
</c><c>531-472-2187
</c></row><row><c>685296
</c><c>顭锻赑誗
</c><c>訚誇軉褥 4-3
</c><c>794-674-1119
</c></row><row><c>990145
</c><c>軐趃銿願
</c><c>躆踞譳蹔 6-2
</c><c>719-272-3672
</c></row><row><c>595233
</c><c>靷鋕重赤
</c><c>讷詬袦踵 7-6
</c><c>304-602-2349
</c></row><row><c>789722
</c><c>迣镗迍襧
</c><c>譈谢襊轷 6-4
</c><c>202-247-9706
</c></row><row><c>859620
</c><c>躱鐰鑚賵
</c><c>趷迫貲覄 9-3
</c><c>295-080-5017
</c></row><row><c>345705
</c><c>铪裷裛韈
</c><c>覺赥軲过 8-7
</c><c>164-400-7820
</c></row><row><c>899688
</c><c>謤觞銠钳
</c><c>譙詻誆詪 3-1
</c><c>503-777-4931
</c></row><row><c>346606
</c><c>韹霃隹錨
</c><c>谜譲迥軧 8-8
</c><c>500-082-8769
</c></row><row><c>241612
</c><c>銮鈏钉鋤
</c><c>询轓觥諴 0-1
</c><c>143-526-0867
</c></row><row><c>136800
</c><c>迾閱賴霶
</c><c>豱蹕譠諉 3-7
</c><c>905-775-0281
</c></row><row><c>685420
</c><c>韮诈鋔闥
</c><c>謐跌過覒 0-0
</c><c>516-866-8800
</c></row><row><c>353145
</c><c>鋇霞謧鄷
</c><c>逻裧誽諗 3-7
</c><c>822-413-9238
</c></row><row><c>230623
</c><c>鋔谬郰輭
</c><c>询詋諠赺 0-3
</c><c>066-934-9170
</c></row><row><c>833827
</c><c>韨銹賭詉
</c><c>覸詐軧诠 6-8
</c><c>311-047-4519
</c></row><row><c>467923
</c><c>鋂锪赺達
</c><c>轢訜遏谸 6-6
</c><c>636-696-4033
</c></row><row><c>545359
</c><c>躐韎钴遏
</c><c>跩褌逛蹃 9-4
</c><c>759-204-3042
</c></row><row><c>860021
</c><c>鞲賌轙锉
</c><c>變譑貂躅 2-5
</c><c>111-019-0198
</c></row><row><c>550940
</c><c>鄯諸鋙逞
</c><c>诈貴递詍 4-0
</c><c>204-264-6257
</c></row><row><c>805425
</c><c>謍躃讣鏍
</c><c>賱趷踃貖 1-9
</c><c>347-192-1226
</c></row><row><c>373304
</c><c>跎那顏遅
</c><c>賹輺蹁襟 9-6
</c><c>749-241-8092
</c></row><row><c>462102
</c><c>鉊跷診铍
</c><c>賷贗踀迥 7-9
</c><c>409-619-1037
</c></row><row><c>478062
</c><c>閸貝钓镗
</c><c>迼觎躢逻 0-8
</c><c>858-090-9837
</c></row><row><c>521726
</c><c>醩隼醺霖
</c><c>豕訶誔蹥 5-2
</c><c>186-471-9742
</c></row><row><c>482467
</c><c>锚褈镃轰
</c><c>躷迪讲軼 5-2
</c><c>212-181-1706
</c></row><row><c>135153
</c><c>铬鈹隸鍣
</c><c>蹞覯裶踹 6-7
</c><c>509-745-9755
</c></row><row><c>974848
</c><c>躳辷逸跜
</c><c>謒跁貨躹 2-9
</c><c>515-536-0352
</c></row><row><c>575442
</c><c>輧覹陕襦
</c><c>襛迅褵資 3-5
</c><c>734-492-7299
</c></row><row><c>757589
</c><c>郈问镑釃
</c><c>裆觥謼襘 4-1
</c><c>437-293-9844
</c></row><row><c>886718
</c><c>辭较郛錩
</c><c>跩解誹觻 9-9
</c><c>278-509-9731
</c></row><row><c>889076
</c><c>鐊覨詨郫
</c><c>輶辔裥辋 2-6
</c><c>586-258-2642
</c></row><row><c>651259
</c><c>郠镍踰顧
</c><c>辄軀褪赮 0-4
</c><c>604-531-9109
</c></row><row><c>744796
</c><c>酅跦裡閁
</c><c>觗襵誘趑 7-9
</c><c>405-445-8567
</c></row><row><c>814885
</c><c>醽隿趨裤
</c><c>诸謂謠逄 2-6
</c><c>505-717-4514
</c></row><row><c>342422
</c><c>銊豾镭鉬
</c><c>踫賖赤躰 5-4
</c><c>601-271-8204
</c></row><row><c>434363
</c><c>蹧谍趩轿
</c><c>褺豆觡谕 0-0
</c><c>127-207-1836
</c></row><row><c>694160
</c><c>豳鑝袱辍
</c><c>逛賫趭诞 1-5
</c><c>765-151-1394
</c></row><row><c>213446
</c><c>诤躕釅轮
</c><c>輁谑諑辌 9-7
</c><c>452-860-4780
</c></row><row><c>713864
</c><c>铳隫豨轢
</c><c>逽賟轫覧 5-3
</c><c>597-433-8190
</c></row><row><c>143522
</c><c>靄錢逬酄
</c><c>觬諌辎迨 8-2
</c><c>466-641-6186
</c></row><row><c>395721
</c><c>蹭訢贺踠
</c><c>輽覷轪質 9-5
</c><c>248-456-0540
</c></row><row><c>212266
</c><c>觜誊輹預
</c><c>诈躱貒註 4-9
</c><c>703-056-9317
</c></row><row><c>388152
</c><c>鞙貪訁顊
</c><c>諮譟賎褅 6-9
</c><c>539-198-6107
</c></row><row><c>132134
</c><c>謗迮鏐鍳
</c><c>袻轺輳要 3-0
</c><c>230-287-5470
</c></row><row><c>614781
</c><c>阷鏛鑨鞧
</c><c>蹪诋跲觡 8-7
</c><c>901-867-1756
</c></row><row><c>364697
</c><c>顇譫錋軃
</c><c>貳語誖觔 9-6
</c><c>225-460-6860
</c></row><row><c>942648
</c><c>言贕账鑷
</c><c>跙諾賓覨 3-2
</c><c>207-698-3494
</c></row><row><c>876054
</c><c>觀鏟觍襰
</c><c>迸裵趡贫 6-1
</c><c>957-307-0990
</c></row><row><c>502066
</c><c>覘隋鏭辠
</c><c>謷跿详輧 9-1
</c><c>869-693-9409
</c></row><row><c>571108
</c><c>鍖躹镒訹
</c><c>輼襞赿趮 8-6
</c><c>545-703-0573
</c></row><row><c>161866
</c><c>轍辸踓論
</c><c>轠襊謍遁 4-6
</c><c>243-799-2180
</c></row><row><c>876342
</c><c>雊謦褭鋐
</c><c>謬読觊诖 8-1
</c><c>321-793-0698
</c></row><row><c>917206
</c><c>覝鄐谹迖
</c><c>賌評農豦 4-3
</c><c>473-411-4272
</c></row><row><c>193890
</c><c>謀裐逽踌
</c><c>裄踋迚讷 2-3
</c><c>877-857-7917
</c></row><row><c>300790
</c><c>辫鎸陻韜
</c><c>迡躐踺襰 3-6
</c><c>616-451-6179
</c></row><row><c>301905
</c><c>谝闻覿贘
</c><c>躭謚谗製 5-0
</c><c>455-463-6885
</c></row><row><c>482885
</c><c>軲鏕锎铒
</c><c>迱譳褈豐 9-9
</c><c>908-489-7813
</c></row><row><c>783221
</c><c>讽詗郲錜
</c><c>謜迴赅讜 2-2
</c><c>866-769-4843
</c></row><row><c>937032
</c><c>踭銜雃辇
</c><c>輿豔讒躾 1-4
</c><c>437-954-9639
</c></row><row><c>821826
</c><c>讳錯诓閧
</c><c>豖谅赇袹 6-5
</c><c>076-158-7007
</c></row><row><c>451148
</c><c>辮裞躌钕
</c><c>轱违裶踨 1-9
</c><c>324-472-1943
</c></row><row><c>093853
</c><c>鎘遁采鈼
</c><c>趵謶賆裼 7-8
</c><c>138-803-1475
</c></row><row><c>574317
</c><c>褶霖賜靃
</c><c>軣贴觮觅 9-8
</c><c>743-017-5534
</c></row><row><c>726956
</c><c>裛贏镙週
</c><c>跥誹识譊 5-3
</c><c>463-361-4124
</c></row><row><c>257273
</c><c>躮觵鋃郴
</c><c>躧訪譓逦 9-0
</c><c>885-910-3093
</c></row><row><c>858359
</c><c>觲豽辯轒
</c><c>覊趕讥訰 0-5
</c><c>925-900-6113
</c></row><row><c>105832
</c><c>趐雤貃阱
</c><c>誓褫襅赮 5-5
</c><c>726-157-4395
</c></row><row><c>469807
</c><c>趗诪靠鐣
</c><c>襵诖貦贺 9-8
</c><c>839-624-8014
</c></row><row><c>241463
</c><c>谲酑訆陞
</c><c>試裰誌豁 0-6
</c><c>990-120-0374
</c></row><row><c>461478
</c><c>軖軻辴阙
</c><c>諯这覿誝 7-5
</c><c>717-224-4684
</c></row><row><c>907558
</c><c>鉅逈鑁逶
</c><c>讕豥輼誈 3-1
</c><c>481-100-7445
</c></row><row><c>422749
</c><c>鈥讄鎧鑁
</c><c>詇逧跉谆 9-3
</c><c>303-615-5418
</c></row><row><c>149242
</c><c>顋邆賫镬
</c><c>辐逶負誔 2-8
</c><c>833-778-0385
</c></row><row><c>599529
</c><c>阈遟鄎酤
</c><c>计賝見襖 5-1
</c><c>907-242-9679
</c></row><row><c>053048
</c><c>遜釜阰雪
</c><c>躏覾蹁躑 5-2
</c><c>520-080-7312
</c></row><row><c>973084
</c><c>陼誋蹷逨
</c><c>讷裸诬赃 7-4
</c><c>561-949-6399
</c></row><row><c>219895
</c><c>諕違貙袬
</c><c>遄裝豙蹶 2-7
</c><c>107-409-6392
</c></row><row><c>426472
</c><c>襸袿誅賂
</c><c>諞誦跩譧 0-4
</c><c>139-853-8432
</c></row><row><c>951624
</c><c>赸袧酜諑
</c><c>賄遏逊趏 6-3
</c><c>851-480-7916
</c></row><row><c>816975
</c><c>鐻霆遥閒
</c><c>踽譺詄赸 3-6
</c><c>921-661-2974
</c></row><row><c>426796
</c><c>褌鄐隡顅
</c><c>逸謆觶谟 0-0
</c><c>831-157-5222
</c></row><row><c>328290
</c><c>訯鏗謁贂
</c><c>覽贓覴軱 1-5
</c><c>037-736-4028
</c></row><row><c>721258
</c><c>趁褭闽詡
</c><c>跉贮讥逐 7-2
</c><c>745-899-2393
</c></row><row><c>407987
</c><c>镘鄰襢造
</c><c>賤谼躝轸 8-0
</c><c>957-894-1497
</c></row><row><c>469654
</c><c>顪雁鞦钧
</c><c>譌軅赼諾 0-9
</c><c>808-323-7820
</c></row><row><c>661149
</c><c>隝陲雌裓
</c><c>蹹詠裓踷 3-4
</c><c>893-356-6978
</c></row><row><c>442793
</c><c>譑貰觠費
</c><c>遄迮襾訜 2-6
</c><c>928-723-4838
</c></row><row><c>809149
</c><c>袭酜鉒豣
</c><c>踈視車褄 0-2
</c><c>807-478-8874
</c></row><row><c>643370
</c><c>釼遉辫襦
</c><c>輨豾赝詺 8-6
</c><c>317-289-7423
</c></row><row><c>481133
</c><c>貶谧靓鐟
</c><c>迦譸逳躰 8-4
</c><c>061-400-3920
</c></row><row><c>791713
</c><c>訆踀險顓
</c><c>趜詋遏輤 2-3
</c><c>258-744-6289
</c></row><row><c>557637
</c><c>隽錫鋗遈
</c><c>謹褸覴裨 1-8
</c><c>556-565-9441
</c></row><row><c>454343
</c><c>踸踹讒邶
</c><c>蹛逡趸还 3-7
</c><c>572-102-1328
</c></row><row><c>457080
</c><c>顨譺辑邠
</c><c>轗褣辢躍 5-7
</c><c>335-673-9009
</c></row><row><c>361752
</c><c>襟諡鏫頳
</c><c>赅豯轱襗 5-1
</c><c>376-744-9646
</c></row><row><c>313056
</c><c>鋹賲赕豍
</c><c>趤袥褓賀 0-1
</c><c>238-192-6458
</c></row><row><c>640372
</c><c>郕辉誒諞
</c><c>踝跹辘谦 1-5
</c><c>713-271-6879
</c></row><row><c>024310
</c><c>譻赕釼谥
</c><c>襺跏踾跷 4-3
</c><c>511-056-1000
</c></row><row><c>273746
</c><c>蹙谂轄釔
</c><c>豹詼踳謔 1-2
</c><c>121-085-2477
</c></row><row><c>885331
</c><c>顕鑞鎄辩
</c><c>輁詿辯褼 9-5
</c><c>711-536-8555
</c></row><row><c>770120
</c><c>隠褳靮谱
</c><c>趂諮逿貀 6-6
</c><c>977-978-8027
</c></row><row><c>436503
</c><c>靾迟靸謰
</c><c>辖訁豨謝 8-9
</c><c>764-219-1798
</c></row><row><c>741077
</c><c>鍽襨銛跥
</c><c>褾迨軃蹁 4-0
</c><c>388-482-2688
</c></row><row><c>935141
</c><c>蹈闪钅诏
</c><c>迏遉訙輋 5-7
</c><c>423-063-1746
</c></row><row><c>019676
</c><c>载鍑訚际
</c><c>覷跓轤赃 5-7
</c><c>851-692-4153
</c></row><row><c>347346
</c><c>韉踕輐钁
</c><c>赞譃赅逞 0-1
</c><c>795-187-9316
</c></row><row><c>357469
</c><c>進赈讆鍯
</c><c>跴議輵軤 0-6
</c><c>394-662-8821
</c></row><row><c>147709
</c><c>銀蹥閭輯
</c><c>詇襊蹢諉 9-6
</c><c>986-197-2099
</c></row><row><c>171928
</c><c>辊邫鎷霡
</c><c>軘訙賋賚 8-3
</c><c>955-462-3769
</c></row><row><c>535553
</c><c>針镅貅賐
</c><c>褪躄譢諙 4-4
</c><c>095-576-3964
</c></row><row><c>835953
</c><c>贇院袼跲
</c><c>跫踭袥詔 1-7
</c><c>596-940-1443
</c></row><row><c>402580
</c><c>趯蹸觱靚
</c><c>謖辊蹁襫 6-6
</c><c>949-434-6093
</c></row><row><c>410332
</c><c>規襫計踾
</c><c>迓詫輰躮 9-5
</c><c>276-226-1728
</c></row><row><c>284103
</c><c>辗趞頊輀
</c><c>裏賅贖袣 3-7
</c><c>880-453-6952
</c></row><row><c>930203
</c><c>鞘頯贅阤
</c><c>豝輓轌裘 3-7
</c><c>184-373-2381
</c></row><row><c>933118
</c><c>躷赈赖豨
</c><c>襫讵觏躏 9-5
</c><c>182-287-5648
</c></row><row><c>321143
</c><c>辂鞽褭郡
</c><c>退诽轂輺 4-7
</c><c>652-400-3217
</c></row><row><c>930582
</c><c>鄿赁闘蹚
</c><c>遁褱觸軴 9-1
</c><c>390-627-3177
</c></row><row><c>660012
</c><c>諷隍貜轮
</c><c>觡诗趷躝 7-9
</c><c>964-657-4656
</c></row><row><c>913474
</c><c>跳讵蹙遒
</c><c>貨谗裌謓 8-3
</c><c>327-951-6274
</c></row><row><c>544711
</c><c>鎕钶諲雕
</c><c>製谛譂躆 9-7
</c><c>579-935-6177
</c></row><row><c>237716
</c><c>镼輇蹀迵
</c><c>贙觓赛赔 1-3
</c><c>441-032-2411
</c></row><row><c>231005
</c><c>谌酬话諮
</c><c>訤赐踎遏 4-6
</c><c>885-976-7907
</c></row><row><c>808837
</c><c>隯锚醀諐
</c><c>軄謊裧貨 8-4
</c><c>235-841-4201
</c></row><row><c>238655
</c><c>鈒讃赘裬
</c><c>諝襥謻赣 9-3
</c><c>772-221-7484
</c></row><row><c>944179
</c><c>鞛褨霗讝
</c><c>覙軿詞逓 5-7
</c><c>777-029-0725
</c></row><row><c>070631
</c><c>賶醗醺輘
</c><c>遊赾轉訰 8-2
</c><c>038-057-5012
</c></row><row><c>859552
</c><c>锈錡觽醽
</c><c>蹼迱诸變 6-9
</c><c>677-349-8453
</c></row><row><c>603648
</c><c>蹘钋阜鑒
</c><c>躂諊轢诂 2-0
</c><c>631-485-5692
</c></row><row><c>721036
</c><c>邐邻铱鈬
</c><c>豼躣踇轎 4-5
</c><c>008-142-9594
</c></row><row><c>816762
</c><c>譫酶過锱
</c><c>襩誢讯諶 7-0
</c><c>638-311-9322
</c></row><row><c>185806
</c><c>遚鎛軈隴
</c><c>貂詂豒褁 0-4
</c><c>324-638-7188
</c></row><row><c>000547
</c><c>贱趌襟覃
</c><c>譠赤踞裷 0-6
</c><c>192-655-2641
</c></row><row><c>023961
</c><c>顎闱鍐韤
</c><c>貢褡輻詭 2-5
</c><c>313-120-1031
</c></row><row><c>956945
</c><c>锔錄顄酉
</c><c>軌識貗逥 6-2
</c><c>385-266-0167
</c></row><row><c>245013
</c><c>鈅謦视贬
</c><c>逽诉謋譺 5-5
</c><c>589-089-2597
</c></row><row><c>816589
</c><c>詯頮锩醝
</c><c>補轴褂躙 6-4
</c><c>521-942-0771
</c></row><row><c>773641
</c><c>间轥陟踥
</c><c>跊詌詀踲 8-4
</c><c>801-770-5209
</c></row><row><c>912258
</c><c>逍蹰譸鑀
</c><c>趨议輠逰 4-8
</c><c>825-611-7142
</c></row><row><c>219749
</c><c>账讐貇郸
</c><c>贳詨親覥 7-2
</c><c>023-189-1314
</c></row><row><c>346659
</c><c>鋓諿談边
</c><c>詮蹱豲資 8-5
</c><c>600-510-6800
</c></row><row><c>299710
</c><c>賁醉醷閤
</c><c>赚诨謹趢 6-6
</c><c>680-658-2280
</c></row><row><c>933903
</c><c>霾鑪鑺讞
</c><c>躴轉詗豤 2-1
</c><c>744-011-8859
</c></row><row><c>416361
</c><c>釴襦蹝钓
</c><c>詫趜裱褌 5-2
</c><c>465-028-9101
</c></row><row><c>334862
</c><c>贷訵關袯
</c><c>褌讠賮跤 4-4
</c><c>747-050-9388
</c></row><row><c>376523
</c><c>轥镳顚類
</c><c>解踷请蹥 9-7
</c><c>121-459-3852
</c></row><row><c>045600
</c><c>阾銋謉邘
</c><c>誛讪詟訇 3-4
</c><c>790-013-2827
</c></row><row><c>975096
</c><c>镺陋讖鋙
</c><c>訊財讝辁 8-1
</c><c>966-047-2504
</c></row><row><c>040716
</c><c>鄀輄賷賄
</c><c>諃襰越辠 3-4
</c><c>252-533-1595
</c></row><row><c>620857
</c><c>裟雚贆铼
</c><c>踒谆貱觽 0-6
</c><c>927-196-8909
</c></row><row><c>152620
</c><c>諺踳闆酧
</c><c>辊谡辜辙 6-3
</c><c>609-710-6711
</c></row><row><c>307199
</c><c>趻鏤遁靾
</c><c>躪襡轠貮 2-9
</c><c>175-032-0652
</c></row><row><c>209629
</c><c>韛蹥醤韇
</c><c>趍轱諐讧 7-1
</c><c>523-513-9565
</c></row><row><c>481305
</c><c>跔迎赨豁
</c><c>輰谰踠蹢 6-8
</c><c>172-197-7130
</c></row><row><c>912124
</c><c>躪貨鑄阺
</c><c>褰踾诶褃 0-4
</c><c>420-160-8142
</c></row><row><c>346134
</c><c>赋譠賱鍋
</c><c>襅訝輚軜 1-7
</c><c>691-520-8999
</c></row><row><c>804971
</c><c>霝鄦鏇请
</c><c>诖詳赚谮 8-3
</c><c>454-481-9954
</c></row><row><c>195689
</c><c>諄鏗鄉邸
</c><c>谺迁訶褬 8-1
</c><c>822-848-4496
</c></row><row><c>452070
</c><c>襋鏉靍輽
</c><c>裍辸責覤 1-2
</c><c>202-465-7627
</c></row><row><c>264038
</c><c>誘醬跹謇
</c><c>谑谾豋軄 7-2
</c><c>416-176-3354
</c></row><row><c>301153
</c><c>頢谝钾门
</c><c>賊逿赏讗 2-7
</c><c>000-364-0790
</c></row><row><c>636127
</c><c>诉递謍門
</c><c>貽踱諩豴 9-1
</c><c>665-908-4023
</c></row><row><c>961803
</c><c>輮裍鍐軜
</c><c>裑諭躴賷 5-5
</c><c>338-985-5454
</c></row><row><c>296666
</c><c>銛鉣賰諆
</c><c>褛踥辕辒 9-9
</c><c>513-975-6004
</c></row><row><c>603982
</c><c>钯賠霈酆
</c><c>謣賵诘貁 9-5
</c><c>367-251-4192
</c></row><row><c>536739
</c><c>鄈轫趋陯
</c><c>逕通襾辅 5-0
</c><c>310-883-7861
</c></row><row><c>649196
</c><c>趮韥锨銾
</c><c>迒豮逶辷 8-0
</c><c>132-129-8659
</c></row><row><c>821577
</c><c>郠鑥贯鍤
</c><c>躴詪褏谊 2-4
</c><c>106-131-5634
</c></row><row><c>093863
</c><c>闇过逸醞
</c><c>襎輟逋輐 0-9
</c><c>102-662-8600
</c></row><row><c>633449
</c><c>谇誀闖走
</c><c>辸輠詻逃 2-0
</c><c>238-850-3477
</c></row><row><c>541218
</c><c>貪鍉蹠訓
</c><c>讦軱订賁 0-3
</c><c>600-551-0001
</c></row><row><c>194695
</c><c>酔鍾铩貫
</c><c>跪蹔辌諲 0-6
</c><c>071-944-1350
</c></row><row><c>254604
</c><c>隉镠輝誹
</c><c>貄豩详辒 2-5
</c><c>173-113-2616
</c></row><row><c>870046
</c><c>鈖錣趚韮
</c><c>輐豮贳规 4-0
</c><c>579-904-4698
</c></row><row><c>003184
</c><c>觢镽軾覧
</c><c>赶裔覰诲 4-8
</c><c>759-222-2458
</c></row><row><c>278256
</c><c>趄躻谆隈
</c><c>要试迹贯 1-7
</c><c>702-668-1291
</c></row><row><c>163957
</c><c>迦觵貱襴
</c><c>軼裠讠諻 4-0
</c><c>753-323-3522
</c></row><row><c>520638
</c><c>跩賉证豓
</c><c>遄讔诼運 2-2
</c><c>700-251-1874
</c></row><row><c>469618
</c><c>預镺賜蹕
</c><c>逪訊誕躉 6-8
</c><c>266-190-3472
</c></row><row><c>308879
</c><c>裖詠鑥迯
</c><c>辷詖趰觹 1-4
</c><c>164-551-4351
</c></row><row><c>549352
</c><c>透陏镞裐
</c><c>豺逘軈辎 2-8
</c><c>681-827-6984
</c></row><row><c>833982
</c><c>銱雰醯鎟
</c><c>躤逳譽赿 6-5
</c><c>372-228-9860
</c></row><row><c>461333
</c><c>誀錒诀赱
</c><c>譛豙赵賶 5-9
</c><c>356-092-8589
</c></row><row><c>907719
</c><c>躋錢讝覱
</c><c>轄逵覌迲 6-7
</c><c>053-752-0421
</c></row><row><c>544666
</c><c>鑯貧雞轵
</c><c>貲訮譔趷 8-4
</c><c>352-855-3824
</c></row><row><c>482121
</c><c>錻逈踜隁
</c><c>踴賝讟迪 4-1
</c><c>376-615-8134
</c></row><row><c>872757
</c><c>貺谚酱軰
</c><c>褣辣諄記 7-1
</c><c>226-739-9679
</c></row><row><c>461023
</c><c>贗鍁西迴
</c><c>貼讳襳貽 8-3
</c><c>768-131-5527
</c></row><row><c>203371
</c><c>頱阌貍钕
</c><c>赵蹭諍袽 3-1
</c><c>932-993-1447
</c></row><row><c>542155
</c><c>韄豇霉鞵
</c><c>讓褑袳谤 1-9
</c><c>098-469-6293
</c></row><row><c>083887
</c><c>閝顈辊赦
</c><c>谫趦运遇 3-2
</c><c>444-960-5102
</c></row><row><c>647145
</c><c>酌鞱覟韲
</c><c>詙襁誰趇 7-7
</c><c>177-764-5682
</c></row><row><c>856533
</c><c>裭錂郇踭
</c><c>褕询軈蹰 3-0
</c><c>123-567-9406
</c></row><row><c>819267
</c><c>鄚觛鍦閠
</c><c>軖覅跍診 6-5
</c><c>583-077-2340
</c></row><row><c>849485
</c><c>车裛路鈼
</c><c>襻诈詰覦 5-4
</c><c>825-640-5246
</c></row><row><c>131574
</c><c>遌離蹏鞳
</c><c>襧褥起貶 5-9
</c><c>624-788-5145
</c></row><row><c>585110
</c><c>袵賀須顯
</c><c>貲貍襴軣 8-1
</c><c>800-581-2766
</c></row><row><c>833400
</c><c>說評諌軞
</c><c>踬赛覼踵 6-7
</c><c>631-794-0451
</c></row><row><c>382848
</c><c>蹣觞銤踰
</c><c>褩複谊輻 3-9
</c><c>150-727-1897
</c></row><row><c>804927
</c><c>覥鄣镁讎
</c><c>軾豨跨貈 6-4
</c><c>612-269-2212
</c></row><row><c>264685
</c><c>鞁閖褪靃
</c><c>趩諾谸輱 5-2
</c><c>870-928-9883
</c></row><row><c>368460
</c><c>鍍襮諮謏
</c><c>輱輎逸轾 7-2
</c><c>329-131-4458
</c></row><row><c>987975
</c><c>銊躾錚難
</c><c>赇諑賠觝 7-7
</c><c>855-539-5465
</c></row><row><c>357846
</c><c>谣轖顒邢
</c><c>迣费迆赞 5-3
</c><c>732-902-8100
</c></row><row><c>032751
</c><c>褸觏锳轋
</c><c>袼諮謗诀 4-6
</c><c>254-850-2211
</c></row><row><c>408390
</c><c>雃隔陼豸
</c><c>賋遒褢裋 3-6
</c><c>304-424-1692
</c></row><row><c>541441
</c><c>訝諽鐴酢
</c><c>豞襱跧賴 4-5
</c><c>127-214-6611
</c></row><row><c>627689
</c><c>輤鉤頫釬
</c><c>轮袺轷軞 8-2
</c><c>836-220-6185
</c></row><row><c>437766
</c><c>醘郊訤詺
</c><c>豇賊诏逗 1-2
</c><c>603-385-9836
</c></row><row><c>448561
</c><c>雴谁采譊
</c><c>迨轭賸诎 0-7
</c><c>474-933-4456
</c></row><row><c>634519
</c><c>蹿誒閘谸
</c><c>诪謨負赒 8-4
</c><c>368-350-7350
</c></row><row><c>172392
</c><c>軰诊謚讶
</c><c>遁誈轙記 9-4
</c><c>554-131-0954
</c></row><row><c>700191
</c><c>院錩霌誎
</c><c>覷觙裨趥 5-9
</c><c>292-842-0721
</c></row><row><c>949432
</c><c>鎤阍鈞逐
</c><c>諮補詇跑 6-6
</c><c>018-998-5985
</c></row><row><c>587699
</c><c>鍮軙速酼
</c><c>軕譼觫賛 5-8
</c><c>226-077-6004
</c></row><row><c>756293
</c><c>谒闾鍗货
</c><c>裙诸諑轹 3-2
</c><c>717-535-9314
</c></row><row><c>119445
</c><c>貾讛鍔詖
</c><c>袢訉豹踊 8-7
</c><c>549-153-0416
</c></row><row><c>981488
</c><c>蹪覠襶邧
</c><c>趐覫覯諳 0-3
</c><c>928-335-8206
</c></row><row><c>703737
</c><c>襥陚逐銦
</c><c>輆触襼蹇 4-2
</c><c>487-822-5922
</c></row><row><c>934870
</c><c>蹒跴酹闞
</c><c>轗迦货諜 5-8
</c><c>343-603-6742
</c></row><row><c>918312
</c><c>雕霴踐釄
</c><c>辋訃裈贘 7-1
</c><c>687-266-4323
</c></row><row><c>095560
</c><c>负諊鈦轠
</c><c>讀訴跩袢 2-0
</c><c>790-206-6291
</c></row><row><c>099938
</c><c>覻跓醴韢
</c><c>謍踵豮謘 7-5
</c><c>169-722-0300
</c></row><row><c>920804
</c><c>褓顧覈躹
</c><c>蹍裩訕襄 9-9
</c><c>878-270-8238
</c></row><row><c>008884
</c><c>遶鄸釃軑
</c><c>谏踑貛贙 5-9
</c><c>569-413-3545
</c></row><row><c>938051
</c><c>襮郳阨迡
</c><c>轼諷趪諅 2-5
</c><c>143-982-6601
</c></row><row><c>429878
</c><c>裳轏镝賾
</c><c>譣躡裡訆 3-3
</c><c>753-096-9487
</c></row><row><c>396282
</c><c>褉農軜跈
</c><c>贁軘诖诏 7-8
</c><c>352-221-6993
</c></row><row><c>284473
</c><c>闌键遑裁
</c><c>觋逵貺賕 5-7
</c><c>094-880-8741
</c></row><row><c>779644
</c><c>邕賱霍讟
</c><c>謵輹輻賝 7-5
</c><c>870-599-0487
</c></row><row><c>174004
</c><c>論襽赇锭
</c><c>躼跩覎谆 0-9
</c><c>104-293-0852
</c></row><row><c>005747
</c><c>轻锂醥酨
</c><c>詄賚趾逃 6-8
</c><c>460-178-6559
</c></row><row><c>086750
</c><c>隬迂趖語
</c><c>轤质辖迨 8-6
</c><c>250-162-1040
</c></row><row><c>925778
</c><c>韑覯躘貥
</c><c>輝轥辟蹻 7-9
</c><c>430-402-6895
</c></row><row><c>302555
</c><c>貣靍謎鈻
</c><c>赐躛賮谩 6-7
</c><c>239-882-3464
</c></row><row><c>620169
</c><c>铥釈覓賉
</c><c>辎襧褓跷 0-5
</c><c>129-555-2638
</c></row><row><c>352510
</c><c>頡複锗覸
</c><c>請訣議賉 1-3
</c><c>664-593-2409
</c></row><row><c>757106
</c><c>諩軍豮霛
</c><c>襗迥诒轉 9-7
</c><c>695-265-6901
</c></row><row><c>016122
</c><c>诩陙觟鞨
</c><c>賆軭謘賎 8-9
</c><c>790-442-7811
</c></row><row><c>122735
</c><c>酩靻霷避
</c><c>迾謻裧輋 2-3
</c><c>374-815-4031
</c></row><row><c>086341
</c><c>踋鑘鉢酔
</c><c>謊豉請轞 4-3
</c><c>506-738-1324
</c></row><row><c>519922
</c><c>逳鑔説讻
</c><c>躸躑貰辴 6-7
</c><c>853-154-1746
</c></row><row><c>940696
</c><c>逋赾鐪諟
</c><c>跏记逼谫 3-0
</c><c>008-947-6899
</c></row><row><c>381938
</c><c>赹軆郇镉
</c><c>詝誯趘躷 1-3
</c><c>265-585-1217
</c></row><row><c>232457
</c><c>貕袬酿邧
</c><c>躓轣轓踋 9-7
</c><c>514-890-7081
</c></row><row><c>197152
</c><c>踡頪鋾鋟
</c><c>裳詎辔踏 9-6
</c><c>089-167-7831
</c></row><row><c>155456
</c><c>謱鍕鑂顰
</c><c>襧返逧轁 5-0
</c><c>015-186-8321
</c></row><row><c>372009
</c><c>贸錔览豥
</c><c>诈軑趙襞 4-1
</c><c>624-555-6561
</c></row><row><c>817525
</c><c>酅醿錶誸
</c><c>辱袼辮解 5-4
</c><c>316-474-0714
</c></row><row><c>402769
</c><c>轎鍂陇讏
</c><c>趟逹贀週 5-1
</c><c>071-718-3781
</c></row><row><c>135534
</c><c>诜訒謖雐
</c><c>謵辇诂蹙 7-3
</c><c>469-201-9638
</c></row><row><c>582678
</c><c>諺讌鎢鞞
</c><c>赑谁觧觗 7-1
</c><c>227-165-4895
</c></row><row><c>648472
</c><c>譋覀趩覢
</c><c>趤贙覸迢 0-1
</c><c>564-179-9176
</c></row><row><c>591951
</c><c>闥雃陦裤
</c><c>誶赘裏豇 0-4
</c><c>633-606-0763
</c></row><row><c>172090
</c><c>覯迬贚躰
</c><c>蹂述逫讔 8-8
</c><c>357-869-9006
</c></row><row><c>422474
</c><c>锵醽詸雩
</c><c>财詚辸賄 0-8
</c><c>715-412-1353
</c></row><row><c>057207
</c><c>諝讏迯鞝
</c><c>袮退谝覔 0-4
</c><c>811-696-7698
</c></row><row><c>146339
</c><c>鉶韤閸袡
</c><c>躯輟襫覽 7-9
</c><c>193-844-2524
</c></row><row><c>535897
</c><c>轫郀霐銋
</c><c>诔賵贪諥 6-5
</c><c>576-534-4169
</c></row><row><c>771265
</c><c>諘谘钬鑓
</c><c>通訲賺踉 0-8
</c><c>502-225-0408
</c></row><row><c>322556
</c><c>轮阒貯鈪
</c><c>貰賾诔襂 6-4
</c><c>447-034-6349
</c></row><row><c>462384
</c><c>蹬蹄謪鄴
</c><c>逵跰輅覌 7-6
</c><c>872-994-0234
</c></row><row><c>043400
</c><c>譎鍱靍闧
</c><c>襡觥轴豞 9-1
</c><c>377-212-7346
</c></row><row><c>018177
</c><c>隍钐針鞓
</c><c>赓襭躕访 9-1
</c><c>702-090-1784
</c></row><row><c>632391
</c><c>觎醁镹誝
</c><c>誔诒貖蹳 6-4
</c><c>018-746-3643
</c></row><row><c>766867
</c><c>顟走鏼镂
</c><c>赻讖轗裩 9-4
</c><c>397-377-3962
</c></row><row><c>968273
</c><c>锎靱诖靛
</c><c>赓轖豩謥 9-4
</c><c>944-984-6044
</c></row><row><c>370720
</c><c>輔韁釀鉪
</c><c>谭辮觨轃 5-2
</c><c>851-370-2411
</c></row><row><c>122087
</c><c>靧诹辴鎮
</c><c>褉貮軨謹 1-4
</c><c>704-848-8652
</c></row><row><c>094439
</c><c>邆討迋靾
</c><c>蹲裳觀褊 6-9
</c><c>087-623-1811
</c></row><row><c>977139
</c><c>錓觍铁鄳
</c><c>辿貃譃豇 9-1
</c><c>671-049-4718
</c></row><row><c>809326
</c><c>蹅铟遲響
</c><c>譴踃豕諁 0-5
</c><c>005-209-5667
</c></row><row><c>929761
</c><c>镜許雫载
</c><c>蹣譎迱躈 1-2
</c><c>795-461-2609
</c></row><row><c>786979
</c><c>錪錠鐱谌
</c><c>谡轺誐装 3-0
</c><c>548-701-6522
</c></row><row><c>976569
</c><c>鍎锄載覟
</c><c>軀貘轏賩 4-2
</c><c>361-236-4571
</c></row><row><c>958526
</c><c>诨踨跃闰
</c><c>褋踖越軃 3-4
</c><c>823-166-7029
</c></row><row><c>040870
</c><c>除領覩邛
</c><c>褷訡踏賾 7-1
</c><c>772-859-7040
</c></row><row><c>840799
</c><c>闹鄸釭謗
</c><c>輎謽賊賓 2-5
</c><c>698-096-2355
</c></row><row><c>029639
</c><c>裗霈鄻遑
</c><c>贈誅褀說 4-1
</c><c>088-536-2891
</c></row><row><c>608390
</c><c>覌金頸銉
</c><c>贗襦賰詫 9-4
</c><c>125-279-4816
</c></row><row><c>612620
</c><c>襦阠迠觼
</c><c>选觩覩覥 3-5
</c><c>321-780-7773
</c></row><row><c>438511
</c><c>諊鍁鐄败
</c><c>蹶逇跒躥 0-1
</c><c>748-203-6098
</c></row><row><c>228102
</c><c>邳赜诗裀
</c><c>賑讹賡貧 9-9
</c><c>971-722-6033
</c></row><row><c>916402
</c><c>霬詄詳靛
</c><c>躞谾逗賅 0-2
</c><c>115-204-1522
</c></row><row><c>568400
</c><c>鞥評詀铯
</c><c>詚諓譇賊 8-9
</c><c>102-115-2756
</c></row><row><c>512881
</c><c>詖谶诮轍
</c><c>豦詙輨誊 2-7
</c><c>332-774-2333
</c></row><row><c>023943
</c><c>趝钆鈺迤
</c><c>譯象讜諢 5-7
</c><c>647-897-1008
</c></row><row><c>612874
</c><c>訓蹮鏯銮
</c><c>襁袢跐轐 7-8
</c><c>616-374-3318
</c></row><row><c>469029
</c><c>褈贽軭鏊
</c><c>訙败覯辆 3-3
</c><c>948-890-7445
</c></row><row><c>477330
</c><c>閻雍諪郻
</c><c>跘貧謧軤 2-7
</c><c>662-272-4043
</c></row><row><c>965340
</c><c>邋觚諀靱
</c><c>賏贜躴誑 7-4
</c><c>367-638-2906
</c></row><row><c>584988
</c><c>锚貿酊靉
</c><c>詰蹫迶躾 0-9
</c><c>423-733-2764
</c></row><row><c>264672
</c><c>迗鞠顄迁
</c><c>話賆豀諗 1-8
</c><c>918-570-1649
</c></row><row><c>024754
</c><c>铠闠軶鞟
</c><c>谔蹠趋設 0-8
</c><c>246-149-6152
</c></row><row><c>045055
</c><c>錍镜鈋贗
</c><c>蹩谇譁轩 7-7
</c><c>529-812-9426
</c></row><row><c>781336
</c><c>違钿豅覉
</c><c>谗賺賯誉 3-0
</c><c>522-631-1469
</c></row><row><c>818247
</c><c>醅酿遮酈
</c><c>賆蹵辐趴 8-9
</c><c>465-271-9951
</c></row><row><c>719546
</c><c>遢顂隉賚
</c><c>褛裞讫豙 9-8
</c><c>961-943-3553
</c></row><row><c>255181
</c><c>西诀詠諎
</c><c>趙襢諑豷 9-0
</c><c>156-539-5146
</c></row><row><c>267238
</c><c>誠鑾軶隖
</c><c>赹豴迟褽 7-6
</c><c>788-736-1932
</c></row><row><c>310048
</c><c>鄴軻褾酁
</c><c>褅褎輚跴 7-6
</c><c>759-578-9455
</c></row><row><c>937826
</c><c>诱袷镇酿
</c><c>褄貧貃貰 6-7
</c><c>463-766-0174
</c></row><row><c>446265
</c><c>鑉錙谉鍰
</c><c>豪迧躢誈 6-9
</c><c>377-537-7655
</c></row><row><c>648948
</c><c>觶锖隮覆
</c><c>連譻轠迹 9-7
</c><c>447-913-3460
</c></row><row><c>634595
</c><c>躭釦譊豖
</c><c>蹌贲躓辺 8-6
</c><c>470-036-6773
</c></row><row><c>814790
</c><c>锪靫贄闰
</c><c>裠赛裢詚 0-7
</c><c>323-821-4530
</c></row><row><c>494057
</c><c>贔豕辥郶
</c><c>輍逨譂躒 1-4
</c><c>246-158-3554
</c></row><row><c>112240
</c><c>趧雃閌郝
</c><c>謅跇軼讒 9-5
</c><c>376-776-2335
</c></row><row><c>692802
</c><c>鍓訉覛軂
</c><c>誸財議謫 2-1
</c><c>813-618-3057
</c></row><row><c>771377
</c><c>襬豵選閡
</c><c>贩貒賳褴 7-6
</c><c>953-527-8163
</c></row><row><c>947252
</c><c>鐍鋛蹽豐
</c><c>詩褜褵规 3-0
</c><c>272-884-0986
</c></row><row><c>106848
</c><c>豦觸銦鑃
</c><c>迹讅覗謱 7-7
</c><c>971-888-1463
</c></row><row><c>510515
</c><c>阻顤謾賷
</c><c>譤踓謽誝 4-1
</c><c>443-399-3069
</c></row><row><c>699946
</c><c>陆轟踙趿
</c><c>輮誝軙裦 4-5
</c><c>109-155-8674
</c></row><row><c>406635
</c><c>謟軛解閔
</c><c>趂豲踍讧 6-4
</c><c>388-548-7545
</c></row><row><c>844749
</c><c>隄郷躐轚
</c><c>赫赸迿觬 3-6
</c><c>933-332-1121
</c></row><row><c>570133
</c><c>蹲跂轿铁
</c><c>记謿躤詙 0-7
</c><c>154-197-9412
</c></row><row><c>857467
</c><c>褵诡闍險
</c><c>譌詠迓货 0-4
</c><c>733-201-3415
</c></row><row><c>804271
</c><c>褢铦謎讯
</c><c>迄記詀逥 4-2
</c><c>712-236-8039
</c></row><row><c>032090
</c><c>醺談闚鞍
</c><c>謩諢襺跍 5-4
</c><c>138-892-8577
</c></row><row><c>109906
</c><c>酈襙鍾錜
</c><c>跦裯覰谗 6-5
</c><c>857-311-6592
</c></row><row><c>395511
</c><c>轘訑闱鏛
</c><c>諒豒裩讑 8-2
</c><c>670-332-0143
</c></row><row><c>110402
</c><c>軨誳镵赊
</c><c>誉蹏躃豞 5-1
</c><c>541-116-6440
</c></row><row><c>524587
</c><c>錟鞅陌褫
</c><c>賺趡詊譚 0-7
</c><c>427-591-5926
</c></row><row><c>224325
</c><c>鍭邽靷遥
</c><c>躵趉裛謵 3-3
</c><c>416-832-3825
</c></row><row><c>533778
</c><c>雳鐧顙迏
</c><c>貸袮諩诿 4-0
</c><c>528-172-1466
</c></row><row><c>947287
</c><c>鍫鍐鐈锒
</c><c>軗迪讃讌 7-2
</c><c>635-290-9506
</c></row><row><c>681393
</c><c>謠闊跗锷
</c><c>跘辊蹫觺 2-6
</c><c>019-057-5960
</c></row><row><c>973700
</c><c>雕鐕陘誈
</c><c>輽觿迾袠 9-7
</c><c>793-970-5115
</c></row><row><c>087051
</c><c>鋰鏟鄽鞛
</c><c>遂趨贚诰 0-4
</c><c>893-904-4450
</c></row><row><c>001907
</c><c>銘釲鉶酉
</c><c>贇諤辧裶 3-6
</c><c>046-969-9262
</c></row><row><c>116840
</c><c>躊閧遨鈽
</c><c>貶褨軵辴 2-2
</c><c>870-081-8746
</c></row><row><c>237124
</c><c>趬释軏諠
</c><c>贯贜觪襺 3-4
</c><c>134-741-1310
</c></row><row><c>221806
</c><c>隭轷递闂
</c><c>讘詣裬踯 6-7
</c><c>605-147-3920
</c></row><row><c>677387
</c><c>鈗遃邭鋎
</c><c>跊轉覬迦 8-1
</c><c>467-582-3760
</c></row><row><c>409697
</c><c>詨鋴闀鞞
</c><c>讕裃蹯裟 3-1
</c><c>275-230-7135
</c></row><row><c>698966
</c><c>镇針貚釧
</c><c>賃蹈贬谌 5-4
</c><c>992-235-0652
</c></row><row><c>396205
</c><c>褫通重裦
</c><c>輵誜袻輣 1-4
</c><c>695-202-6155
</c></row><row><c>513099
</c><c>锹鋘诤阥
</c><c>輦贜逷輐 6-4
</c><c>451-846-7856
</c></row><row><c>248299
</c><c>趓鉩費险
</c><c>赱迒輔誙 9-8
</c><c>469-911-7342
</c></row><row><c>107918
</c><c>豤趬閱鎂
</c><c>辀軃襲貢 6-7
</c><c>467-291-2839
</c></row><row><c>851094
</c><c>誩鈢襂觛
</c><c>詮趁襫跓 8-5
</c><c>263-974-0894
</c></row><row><c>356644
</c><c>谽視貈顣
</c><c>賾谄裊譾 4-4
</c><c>632-092-0843
</c></row><row><c>132363
</c><c>陮韡辅頬
</c><c>誡軓诚蹳 9-3
</c><c>579-002-2762
</c></row><row><c>867832
</c><c>遙霶鈡規
</c><c>輫趪躒軟 1-6
</c><c>968-905-0197
</c></row><row><c>468975
</c><c>陪鏮鄍覢
</c><c>跷踔覲轠 3-2
</c><c>052-792-5312
</c></row><row><c>728353
</c><c>谾雛閾訦
</c><c>踾逵誎谓 4-7
</c><c>052-646-1997
</c></row><row><c>438486
</c><c>讽踧譴錮
</c><c>譜轑踚諪 6-9
</c><c>404-550-7812
</c></row><row><c>827126
</c><c>訛誳邾諈
</c><c>賔谔譕豖 2-0
</c><c>701-222-9479
</c></row><row><c>331748
</c><c>覒负軪踦
</c><c>褥赘逰赵 9-4
</c><c>562-219-3496
</c></row><row><c>772156
</c><c>軣錥親锻
</c><c>誽賗軒詊 7-5
</c><c>694-472-8546
</c></row><row><c>424692
</c><c>頸裣諾辪
</c><c>言訟趈踝 8-9
</c><c>771-247-1979
</c></row><row><c>090686
</c><c>鞍諹说隇
</c><c>迆觝贈豇 6-3
</c><c>981-288-3749
</c></row><row><c>408863
</c><c>解邵褑躝
</c><c>跫详謻謤 1-4
</c><c>200-673-3138
</c></row><row><c>718652
</c><c>贵譠鐟阆
</c><c>讇赗踒逑 9-3
</c><c>059-036-7201
</c></row><row><c>326513
</c><c>閑赿诒訅
</c><c>躊躤褶赌 0-6
</c><c>254-387-2178
</c></row><row><c>524258
</c><c>鈝裰迼趖
</c><c>輹袲賫踾 5-4
</c><c>010-269-4846
</c></row><row><c>586534
</c><c>贁譞鎛錎
</c><c>袳豪辞迼 5-6
</c><c>458-440-6467
</c></row><row><c>957334
</c><c>錜貲钂韏
</c><c>諠迤褼赱 2-6
</c><c>264-694-9399
</c></row><row><c>191331
</c><c>鎵醃覄轥
</c><c>賲詁輳轎 2-3
</c><c>243-457-1709
</c></row><row><c>337226
</c><c>顲闸遢謎
</c><c>跙襑詎躱 3-3
</c><c>775-369-0827
</c></row><row><c>441883
</c><c>選錽阍蹈
</c><c>輎裕逛谒 2-9
</c><c>347-357-1845
</c></row><row><c>388472
</c><c>踣镙銥鋺
</c><c>趥誛訟辸 1-3
</c><c>802-805-1938
</c></row><row><c>195051
</c><c>許靳鞀锘
</c><c>謲軆賊謙 4-0
</c><c>624-171-8532
</c></row><row><c>500098
</c><c>躄趸謚贪
</c><c>謒袭踷譜 2-9
</c><c>738-479-8447
</c></row><row><c>249252
</c><c>鋁蹇鉧遱
</c><c>覿賗蹙讘 3-5
</c><c>716-146-5621
</c></row><row><c>550655
</c><c>靬諁鉐遺
</c><c>豠谏谜讁 6-5
</c><c>906-034-3999
</c></row><row><c>169727
</c><c>辡诒鋧証
</c><c>蹻趜諄跈 5-2
</c><c>144-683-8907
</c></row><row><c>618811
</c><c>锩詊詨顄
</c><c>袿訋讼視 7-9
</c><c>175-336-4619
</c></row><row><c>660075
</c><c>靐邨讛錆
</c><c>賂裤踲輣 4-4
</c><c>244-456-2438
</c></row><row><c>297337
</c><c>鍃迻遀迆
</c><c>謦辡要訇 2-9
</c><c>621-318-8493
</c></row><row><c>384028
</c><c>鎞闕锦軆
</c><c>觏諹覓返 9-7
</c><c>390-237-8062
</c></row><row><c>653439
</c><c>鄌譙辰錰
</c><c>諁逸讨襻 1-0
</c><c>452-799-9073
</c></row><row><c>995809
</c><c>鋧釡隁顡
</c><c>觅踹賴訙 9-9
</c><c>063-645-1916
</c></row><row><c>376480
</c><c>裷铭辘轄
</c><c>蹰談軉貆 4-7
</c><c>197-317-9507
</c></row><row><c>616544
</c><c>銶谷賜鋉
</c><c>識躪賺辵 2-2
</c><c>622-770-8725
</c></row><row><c>543039
</c><c>覯躜铠逨
</c><c>讯裴賗謠 9-0
</c><c>736-936-7074
</c></row><row><c>401451
</c><c>輟蹋蹨誛
</c><c>跡跥跬詳 1-5
</c><c>371-688-2168
</c></row><row><c>429150
</c><c>镃鋌閄隊
</c><c>輸軦跳襊 4-2
</c><c>948-797-4513
</c></row><row><c>643806
</c><c>邜谳褨铨
</c><c>赸貺裻詅 6-6
</c><c>010-547-1785
</c></row><row><c>678323
</c><c>頓貛諷鎣
</c><c>覝賎裍質 9-6
</c><c>414-069-0090
</c></row><row><c>145655
</c><c>轢釓鎖諉
</c><c>蹥蹖蹻誓 3-8
</c><c>808-144-7089
</c></row><row><c>750440
</c><c>霡靅隕裗
</c><c>逴賹谊跫 6-9
</c><c>542-482-2516
</c></row><row><c>380121
</c><c>蹂阜迬豋
</c><c>踉訣軳趂 1-3
</c><c>806-106-3920
</c></row><row><c>955068
</c><c>鄙迡锄赓
</c><c>辸裧轸諄 2-7
</c><c>152-048-3029
</c></row><row><c>898382
</c><c>韝赖裙酤
</c><c>詊躋輦譾 2-1
</c><c>709-496-1257
</c></row><row><c>119364
</c><c>輭言韗輘
</c><c>襙觭跅覘 1-9
</c><c>472-456-7259
</c></row><row><c>400997
</c><c>訞酅贎跁
</c><c>袠貆貺轹 6-4
</c><c>613-678-4967
</c></row><row><c>590798
</c><c>雷镄鋣觰
</c><c>軵进裡誕 7-7
</c><c>783-832-5656
</c></row><row><c>234642
</c><c>跁閃軻鐋
</c><c>襖躸输轑 8-6
</c><c>222-987-9502
</c></row><row><c>108574
</c><c>钮轫邗闡
</c><c>輀蹦詇賆 8-4
</c><c>240-923-4455
</c></row><row><c>754532
</c><c>谉钧靚讒
</c><c>貜褚谂躏 6-8
</c><c>640-423-9476
</c></row><row><c>862384
</c><c>钆軈覆頺
</c><c>豍裌負跴 7-0
</c><c>218-999-7870
</c></row><row><c>038146
</c><c>贀賭諪鈹
</c><c>趖趈豬轹 6-2
</c><c>892-027-6072
</c></row><row><c>389335
</c><c>錥顋鐯里
</c><c>趵謻躈褲 7-3
</c><c>656-171-2549
</c></row><row><c>289128
</c><c>锬謐郟豰
</c><c>讴躈詫賴 4-8
</c><c>874-767-2045
</c></row><row><c>174892
</c><c>酪贠闄豖
</c><c>転軙譶达 8-9
</c><c>089-171-8250
</c></row><row><c>369825
</c><c>贆訤韃讘
</c><c>豀補詀詿 4-6
</c><c>026-355-1586
</c></row><row><c>025667
</c><c>轀酳谜论
</c><c>軰詨诉豌 2-2
</c><c>376-116-6093
</c></row><row><c>448603
</c><c>贆譿赢鎂
</c><c>諠辍謘貺 2-9
</c><c>573-412-3202
</c></row><row><c>441346
</c><c>譄閿邀誡
</c><c>裷轻褁躴 3-1
</c><c>896-404-4327
</c></row><row><c>680769
</c><c>躆钎踋镛
</c><c>謤貐蹜蹘 0-4
</c><c>036-966-3559
</c></row><row><c>502555
</c><c>鐡鉌鄑隣
</c><c>豋賡轻轓 5-5
</c><c>307-470-0338
</c></row><row><c>950268
</c><c>謪音襓訐
</c><c>躥諷賀輴 7-5
</c><c>534-470-7875
</c></row><row><c>106003
</c><c>鎮越賽迯
</c><c>逑裝軆踇 1-7
</c><c>309-211-9236
</c></row><row><c>270171
</c><c>趇韓让跃
</c><c>詵輤踼贾 5-4
</c><c>650-044-9565
</c></row><row><c>241145
</c><c>誄軶诜邙
</c><c>谵誩輍襢 3-7
</c><c>769-296-0896
</c></row><row><c>462097
</c><c>鉚遊誣轱
</c><c>複跶豗躰 9-2
</c><c>072-695-5079
</c></row><row><c>019595
</c><c>选閇贪逹
</c><c>讅豤講輶 7-0
</c><c>938-565-3281
</c></row><row><c>375651
</c><c>闟陲迵锁
</c><c>谼谊襥貏 0-0
</c><c>600-159-0684
</c></row><row><c>247619
</c><c>鄤雠邮裑
</c><c>踬认译踄 6-8
</c><c>785-620-1059
</c></row><row><c>942375
</c><c>鏛謼鐖陟
</c><c>踌觿褈讗 4-7
</c><c>747-167-9211
</c></row><row><c>077177
</c><c>趍輥錭铡
</c><c>襣踦軸趤 1-0
</c><c>375-728-9412
</c></row><row><c>542821
</c><c>賀躻誽裔
</c><c>謿謘轫謪 7-8
</c><c>714-083-3055
</c></row><row><c>895181
</c><c>鐌鍇鏃裮
</c><c>襩谓迚詜 7-9
</c><c>730-985-7308
</c></row><row><c>584600
</c><c>謗頉頱閕
</c><c>貼迢裏觏 8-4
</c><c>506-644-4784
</c></row><row><c>415508
</c><c>醸铗釿鉙
</c><c>觕贜豾谮 5-4
</c><c>153-384-8935
</c></row><row><c>760331
</c><c>鏸鉫辄軧
</c><c>踿譪豤言 5-0
</c><c>354-105-3926
</c></row><row><c>402203
</c><c>违邋醼隉
</c><c>觵誙躻躳 7-1
</c><c>651-360-3853
</c></row><row><c>353682
</c><c>跩豷鋨覿
</c><c>躯踼賭谟 7-2
</c><c>938-764-3559
</c></row><row><c>064069
</c><c>论阻迟锱
</c><c>迼豗賱襋 0-7
</c><c>809-275-9815
</c></row><row><c>952290
</c><c>蹪鋨鑍请
</c><c>貪豜譸軺 0-2
</c><c>244-799-0157
</c></row><row><c>926697
</c><c>趡逛跞邈
</c><c>趱軳轁赃 3-5
</c><c>834-533-5251
</c></row><row><c>947598
</c><c>鑵釦鑓鉦
</c><c>譴请蹿訏 0-1
</c><c>573-468-9572
</c></row><row><c>237837
</c><c>覀遾讯該
</c><c>転袭蹮觐 8-9
</c><c>432-523-7217
</c></row><row><c>474401
</c><c>銩訠近非
</c><c>跎譈軓豷 2-6
</c><c>882-037-7214
</c></row><row><c>580096
</c><c>诰錼郦郍
</c><c>訪遂譮誯 0-0
</c><c>025-999-4051
</c></row><row><c>198968
</c><c>豦蹬隻貲
</c><c>谸裿讚辐 6-1
</c><c>802-580-9184
</c></row><row><c>103745
</c><c>訌跡那襺
</c><c>边软踨赳 3-9
</c><c>310-072-6053
</c></row><row><c>816373
</c><c>铜铼质鄲
</c><c>褼跒过輟 2-6
</c><c>081-243-7641
</c></row><row><c>029897
</c><c>鄬逶诺鋖
</c><c>觡见詏覣 7-5
</c><c>223-384-2198
</c></row><row><c>069092
</c><c>霒釓闰踆
</c><c>貰跼說遉 6-8
</c><c>760-514-2118
</c></row><row><c>946502
</c><c>辫錄鉦轖
</c><c>褩談跦蹮 3-7
</c><c>538-508-6745
</c></row><row><c>636506
</c><c>鏿钌過轃
</c><c>轂豨詽躨 4-4
</c><c>422-857-6703
</c></row><row><c>200048
</c><c>譹誥覔輓
</c><c>軖豫覙跏 6-7
</c><c>629-732-8762
</c></row><row><c>607935
</c><c>銢鈆褎銿
</c><c>襍跄袰諵 9-2
</c><c>337-658-2038
</c></row><row><c>479400
</c><c>趞陫覛谊
</c><c>襍赞賖讛 9-0
</c><c>426-021-3038
</c></row><row><c>892744
</c><c>轆觸鐪钼
</c><c>軉贫违賈 3-9
</c><c>709-515-8604
</c></row><row><c>826986
</c><c>辙鈌鏵険
</c><c>襑趃谟軥 3-7
</c><c>088-682-0485
</c></row><row><c>939164
</c><c>鞱酊褰鑾
</c><c>辺踟课辽 4-3
</c><c>698-498-0999
</c></row><row><c>442941
</c><c>鄖詈谱襛
</c><c>諈訆輌辿 8-4
</c><c>476-964-4049
</c></row><row><c>082749
</c><c>讘頹鎔酆
</c><c>謃贏辙褉 7-1
</c><c>331-463-1005
</c></row><row><c>705430
</c><c>郸遅鎗鐦
</c><c>踞裁譸躄 2-9
</c><c>950-189-9821
</c></row><row><c>343913
</c><c>进诌賖靿
</c><c>襲逍賆誰 6-7
</c><c>031-873-2081
</c></row><row><c>964724
</c><c>顊鄺袢讅
</c><c>觋觻辿踀 5-3
</c><c>927-699-9635
</c></row><row><c>448965
</c><c>錼頷轲诬
</c><c>迺觱豽递 8-3
</c><c>850-891-3039
</c></row><row><c>138946
</c><c>镥諣跼鎠
</c><c>躯躛觨謫 7-7
</c><c>122-469-0819
</c></row><row><c>671165
</c><c>觇邘鈝逡
</c><c>谳謧轳譡 1-3
</c><c>515-950-1706
</c></row><row><c>866767
</c><c>閹釧钻鄑
</c><c>跁誤谧贪 9-2
</c><c>575-612-7612
</c></row><row><c>924949
</c><c>跔釻鍇醍
</c><c>遌賧躉訢 0-1
</c><c>170-831-6674
</c></row><row><c>129282
</c><c>鉻鐴謼躖
</c><c>赉踞褠遐 9-2
</c><c>816-522-3516
</c></row><row><c>357240
</c><c>診閠邂輼
</c><c>踨诹跼迌 2-3
</c><c>237-283-1390
</c></row><row><c>796097
</c><c>諠霎顎裧
</c><c>襶誏諵襎 0-1
</c><c>801-867-2951
</c></row><row><c>562801
</c><c>酥镤闝豟
</c><c>覆襭赖貙 6-1
</c><c>426-721-4483
</c></row><row><c>067119
</c><c>赯邂隵譄
</c><c>襇跠訰說 3-0
</c><c>640-026-9547
</c></row><row><c>068993
</c><c>貰階銘頬
</c><c>蹫軃裉议 9-7
</c><c>779-280-9142
</c></row><row><c>241145
</c><c>鈽銢階鈽
</c><c>跇躄車觀 5-4
</c><c>996-643-3562
</c></row><row><c>032111
</c><c>訸鉤酯詋
</c><c>躬褚貋賵 4-8
</c><c>917-801-0713
</c></row><row><c>941914
</c><c>赼診鉚褱
</c><c>让訮谁襜 3-4
</c><c>505-705-5172
</c></row><row><c>744722
</c><c>阖陠躜辏
</c><c>諱診谫貳 9-6
</c><c>191-471-2798
</c></row><row><c>077551
</c><c>靀躨雈鋘
</c><c>讷覫躄謁 7-3
</c><c>392-780-2675
</c></row><row><c>577538
</c><c>霤谥頝躧
</c><c>貈裲蹲遒 6-8
</c><c>869-591-9863
</c></row><row><c>018074
</c><c>褡詙銅譠
</c><c>裍谔謑賟 1-0
</c><c>522-427-7574
</c></row><row><c>052211
</c><c>谑鑕詳难
</c><c>諥裵言覦 7-1
</c><c>610-703-9523
</c></row><row><c>518835
</c><c>襽遝豆豦
</c><c>觋趻诹輑 5-3
</c><c>757-618-5948
</c></row><row><c>482313
</c><c>轿鑨诸鞺
</c><c>躓躮跁追 9-6
</c><c>449-511-9643
</c></row><row><c>459228
</c><c>覊譖钄鑁
</c><c>裃變诟轡 1-2
</c><c>577-737-5989
</c></row><row><c>852258
</c><c>輟譔諄顚
</c><c>踃豸豉謥 5-0
</c><c>585-336-8074
</c></row><row><c>136803
</c><c>阆譁贫賯
</c><c>躀轜裁询 0-0
</c><c>031-225-1513
</c></row><row><c>671131
</c><c>鎹铘锨隇
</c><c>谥諥遉遆 7-7
</c><c>791-646-2748
</c></row><row><c>278317
</c><c>軡陙郟鉚
</c><c>觪軣賕蹑 6-9
</c><c>989-711-2067
</c></row><row><c>501499
</c><c>逭遥趄鑩
</c><c>轿讒贷謽 5-0
</c><c>222-561-4752
</c></row><row><c>484469
</c><c>逌誎謨袪
</c><c>跿賍訢謒 1-5
</c><c>490-935-8011
</c></row><row><c>608222
</c><c>閥酁諔鞥
</c><c>谱辟觹褰 9-7
</c><c>503-666-7149
</c></row><row><c>713620
</c><c>鑴邵鎜逯
</c><c>襺譞週赨 4-8
</c><c>876-371-6607
</c></row><row><c>579593
</c><c>鞝躓適覢
</c><c>资豔輒諮 4-4
</c><c>776-660-0502
</c></row><row><c>306758
</c><c>韴閝謜躸
</c><c>謯迼訞褷 1-0
</c><c>866-935-9516
</c></row><row><c>387903
</c><c>豰週顂閮
</c><c>跜请赸褺 6-1
</c><c>978-369-2770
</c></row><row><c>542366
</c><c>錚鏄阋远
</c><c>逃贱袪諠 7-5
</c><c>570-587-7190
</c></row><row><c>392973
</c><c>鋑锊阺顊
</c><c>襎逪訒辜 0-6
</c><c>520-756-2357
</c></row><row><c>506438
</c><c>阯谿锆赝
</c><c>訽轎誮逡 9-6
</c><c>056-366-9941
</c></row><row><c>958536
</c><c>隗鏟雺討
</c><c>迮逮角谱 6-0
</c><c>299-060-5805
</c></row><row><c>658483
</c><c>迹誜西覃
</c><c>詉譣设躯 1-3
</c><c>802-206-1909
</c></row><row><c>592359
</c><c>鈺顕覴釔
</c><c>貞见贇谊 8-5
</c><c>992-754-2384
</c></row><row><c>697347
</c><c>譛隋鍭錎
</c><c>詭貗諬谊 7-1
</c><c>749-595-1957
</c></row><row><c>164778
</c><c>誠镬鋿頁
</c><c>覔诣赡襰 0-1
</c><c>471-516-4808
</c></row><row><c>977029
</c><c>镳適襐豬
</c><c>讦跇踷褲 0-5
</c><c>416-300-9247
</c></row><row><c>938366
</c><c>賛鎾辦镟
</c><c>軫財褝賗 7-1
</c><c>629-416-2281
</c></row><row><c>149268
</c><c>轩辵輽觚
</c><c>譓遍謚譄 7-1
</c><c>580-821-1774
</c></row><row><c>479695
</c><c>隫訯鐎鞼
</c><c>踤谳贘課 8-1
</c><c>376-035-7136
</c></row><row><c>664435
</c><c>鉞顚鋨裑
</c><c>讟躃趗貗 3-3
</c><c>483-210-5914
</c></row><row><c>323856
</c><c>賯镤諦鈙
</c><c>襚遇謑褿 2-5
</c><c>414-263-4334
</c></row><row><c>142753
</c><c>襂酊覜雚
</c><c>躕襂辋觖 1-8
</c><c>680-044-1622
</c></row><row><c>156863
</c><c>谦迚貫轙
</c><c>贍譞賡跍 9-8
</c><c>316-758-7301
</c></row><row><c>707910
</c><c>覉跽霞韧
</c><c>跗谫裢褮 1-3
</c><c>044-531-3928
</c></row><row><c>479696
</c><c>錓間锰觓
</c><c>谕跛跅貙 1-5
</c><c>362-887-6850
</c></row><row><c>332200
</c><c>轱谎韟醖
</c><c>襱豩蹅辘 5-5
</c><c>718-547-3135
</c></row><row><c>404318
</c><c>顬譋闫鎶
</c><c>諛躃豫觪 7-3
</c><c>879-449-5359
</c></row><row><c>285434
</c><c>軮达頍陭
</c><c>詰讒趷諠 0-0
</c><c>443-748-4952
</c></row><row><c>023910
</c><c>諎锃迨讛
</c><c>訌赆裁輏 0-6
</c><c>926-101-2660
</c></row><row><c>039792
</c><c>詅褌逪霅
</c><c>蹢賭轨裣 0-7
</c><c>946-167-8690
</c></row><row><c>774104
</c><c>襺賞觵際
</c><c>誢蹶軲軇 0-0
</c><c>119-754-7579
</c></row><row><c>236334
</c><c>遬闣郥觞
</c><c>躵褮訴覼 3-8
</c><c>486-829-1002
</c></row><row><c>732836
</c><c>躼諣霱鑋
</c><c>貈袹親軒 6-1
</c><c>664-067-2538
</c></row><row><c>211455
</c><c>邥輈譀鑂
</c><c>迬輡賴讕 4-1
</c><c>602-850-0439
</c></row><row><c>692172
</c><c>郑貒躌贐
</c><c>袡迪走躢 7-2
</c><c>069-553-6886
</c></row><row><c>962697
</c><c>谙訖谥锍
</c><c>诶蹧輹譽 0-5
</c><c>781-707-8374
</c></row><row><c>175108
</c><c>諺鍠鞹雾
</c><c>跗躄軬襃 1-4
</c><c>903-584-2124
</c></row><row><c>594504
</c><c>閧韚请頡
</c><c>躥躊讠覚 7-0
</c><c>730-921-2855
</c></row><row><c>024918
</c><c>醃鈞贈酅
</c><c>见躟踭趍 5-1
</c><c>826-787-1625
</c></row><row><c>909953
</c><c>靟诖鏺雿
</c><c>軩軝赑迮 5-3
</c><c>718-892-0897
</c></row><row><c>572971
</c><c>讦霿跎鞨
</c><c>轴谊裞讷 4-0
</c><c>884-627-4422
</c></row><row><c>699829
</c><c>訲遨躐讇
</c><c>輢袭试辫 2-9
</c><c>502-960-0841
</c></row><row><c>444849
</c><c>詠鑁闍鄪
</c><c>謻諒趷諥 3-8
</c><c>494-720-1487
</c></row><row><c>350994
</c><c>迊蹻里輺
</c><c>軮蹶赮辒 0-0
</c><c>767-348-8330
</c></row><row><c>645887
</c><c>轢郥醗靂
</c><c>諢赕谧蹴 4-1
</c><c>965-316-0686
</c></row><row><c>101299
</c><c>鈫里貜釥
</c><c>迊詒褼趛 0-0
</c><c>994-591-8513
</c></row><row><c>624585
</c><c>阃逖隑迶
</c><c>调輊譳赡 3-8
</c><c>016-393-9892
</c></row><row><c>086950
</c><c>裡軿裏醽
</c><c>觲諳趮诞 4-1
</c><c>651-835-8860
</c></row><row><c>644399
</c><c>鑗踹謡遁
</c><c>譩袵赡赥 9-7
</c><c>337-583-6105
</c></row><row><c>925805
</c><c>钓釴讁铢
</c><c>詒訲豟豈 0-8
</c><c>720-312-1703
</c></row><row><c>154876
</c><c>鎶豤谂鍙
</c><c>谖謃諕豷 2-7
</c><c>484-853-5852
</c></row><row><c>819586
</c><c>锖谍頕遯
</c><c>轪蹚見褄 4-2
</c><c>115-991-3986
</c></row><row><c>921311
</c><c>鋆闆郌视
</c><c>謄趓諬賑 8-3
</c><c>092-763-2213
</c></row><row><c>852393
</c><c>詣辣趲轢
</c><c>覥谖覔貄 7-2
</c><c>363-918-3930
</c></row><row><c>477094
</c><c>霳谪釃说
</c><c>谣譸躹譗 5-4
</c><c>719-863-5353
</c></row><row><c>367113
</c><c>逝韟關鏬
</c><c>诼訋訚賮 6-9
</c><c>574-881-8284
</c></row><row><c>785713
</c><c>霃財襏趷
</c><c>覩遀諴躳 1-8
</c><c>527-153-1856
</c></row><row><c>602412
</c><c>鐉貍覨讙
</c><c>踝趋褋迁 1-5
</c><c>932-343-2299
</c></row><row><c>941296
</c><c>頭郜釱間
</c><c>袷賉誳跛 9-1
</c><c>097-707-1667
</c></row><row><c>825557
</c><c>鍛铓隫诪
</c><c>輌誔賴襝 0-6
</c><c>229-888-0017
</c></row><row><c>819721
</c><c>軘裕酷軪
</c><c>迲软輦诨 0-9
</c><c>153-213-9519
</c></row><row><c>067622
</c><c>败逽褉遡
</c><c>軾轻譭貪 6-1
</c><c>682-714-7032
</c></row><row><c>621708
</c><c>鍯賂鎄躨
</c><c>譎貵貥証 2-1
</c><c>328-698-3586
</c></row><row><c>377246
</c><c>铅铸躼蹴
</c><c>辋跴贛越 7-0
</c><c>570-006-4328
</c></row><row><c>222580
</c><c>覜迥霗謆
</c><c>觰貎貼觜 2-2
</c><c>097-538-2647
</c></row><row><c>750741
</c><c>踖阐陋襛
</c><c>踇蹃话觷 9-9
</c><c>937-346-4211
</c></row><row><c>655293
</c><c>鄩遼逭靐
</c><c>跆訒达転 4-6
</c><c>244-944-4251
</c></row><row><c>109999
</c><c>鍀贎醰闙
</c><c>輁趘迤輲 9-8
</c><c>878-997-9279
</c></row><row><c>051440
</c><c>軡軎谐赟
</c><c>觑迕諯诿 1-1
</c><c>443-860-5285
</c></row><row><c>261069
</c><c>誡韡铉賂
</c><c>託贀辩軸 1-6
</c><c>565-164-6170
</c></row><row><c>925618
</c><c>誟闁釈銏
</c><c>蹯袭调誜 3-9
</c><c>933-430-2544
</c></row><row><c>295150
</c><c>阧针躷辚
</c><c>訟赆覨裑 9-6
</c><c>580-542-7690
</c></row><row><c>185362
</c><c>頷贕豶謮
</c><c>贶蹍蹡谵 0-9
</c><c>117-116-6677
</c></row><row><c>277583
</c><c>锞軽陪訯
</c><c>蹻迗袭褌 5-3
</c><c>728-484-5309
</c></row><row><c>772290
</c><c>軛锅賖霳
</c><c>賓轉躾譟 1-1
</c><c>452-115-2774
</c></row><row><c>495684
</c><c>鎸铠蹿鞬
</c><c>賅裸誴貆 7-4
</c><c>841-584-8274
</c></row><row><c>605415
</c><c>領鏅輁邉
</c><c>迩輋轣訋 1-9
</c><c>747-019-9621
</c></row><row><c>193770
</c><c>鉤鞽謬闦
</c><c>觇走襭跈 1-8
</c><c>206-882-5074
</c></row><row><c>560563
</c><c>跲詗踈隽
</c><c>諻豗语謓 9-7
</c><c>821-211-2480
</c></row><row><c>553292
</c><c>軄锚譣逽
</c><c>跎調賗輄 2-9
</c><c>828-780-7318
</c></row><row><c>386115
</c><c>貕隟襮錣
</c><c>誤谄讵謾 2-4
</c><c>128-950-0833
</c></row><row><c>894996
</c><c>鈋讼醛軸
</c><c>訋軔谬賳 9-4
</c><c>036-828-6209
</c></row><row><c>521872
</c><c>鄃頿釴谄
</c><c>讦袵襫賔 0-7
</c><c>364-486-1082
</c></row><row><c>703976
</c><c>闵請逸郆
</c><c>覎谯躖賽 4-7
</c><c>167-528-4370
</c></row><row><c>608772
</c><c>逵鄐鐚郫
</c><c>謣詐踱赱 9-8
</c><c>950-006-3082
</c></row><row><c>183556
</c><c>邡蹞雗鐧
</c><c>踸遈踳述 8-6
</c><c>182-585-9284
</c></row><row><c>997499
</c><c>郝鎧郍鄑
</c><c>跣裭訃辈 3-3
</c><c>025-572-4544
</c></row><row><c>009123
</c><c>蹱襜釩镉
</c><c>辩谠辠訩 7-2
</c><c>950-056-6566
</c></row><row><c>331211
</c><c>鈥趖鐇陨
</c><c>豙識輟躍 9-2
</c><c>517-797-1115
</c></row><row><c>126067
</c><c>閹趡醳阐
</c><c>贮赦謍贴 2-8
</c><c>578-593-9933
</c></row><row><c>705968
</c><c>鍗裷蹏踟
</c><c>襅躃趕趡 1-3
</c><c>453-529-9657
</c></row><row><c>153087
</c><c>闹軍誩陏
</c><c>跻送讉訮 7-5
</c><c>950-993-8328
</c></row><row><c>337731
</c><c>還趒靯赏
</c><c>跨輺詡袰 8-6
</c><c>758-836-6937
</c></row><row><c>220569
</c><c>釚顠郁順
</c><c>豾踆豼逮 6-8
</c><c>053-557-5694
</c></row><row><c>450275
</c><c>鑌辠釞讁
</c><c>途跆蹻赆 4-4
</c><c>927-698-5618
</c></row><row><c>737884
</c><c>逺醿邥鑧
</c><c>辣跑讻贿 1-5
</c><c>891-624-5236
</c></row><row><c>388237
</c><c>輥閙邡謙
</c><c>觵躊讹袱 7-0
</c><c>846-543-1767
</c></row><row><c>607293
</c><c>誫警鍾鉖
</c><c>諴躏质谻 2-5
</c><c>691-044-4500
</c></row><row><c>355231
</c><c>輌辳韨讗
</c><c>裃躺豥裀 1-8
</c><c>373-115-9787
</c></row><row><c>875244
</c><c>襹鍹褉鉵
</c><c>軨踗逵識 4-5
</c><c>674-234-0853
</c></row><row><c>510719
</c><c>陶酜账跼
</c><c>賷躊譣贐 7-0
</c><c>584-105-2592
</c></row><row><c>167053
</c><c>諜铦逶鈌
</c><c>足貏跓賆 5-3
</c><c>644-417-8147
</c></row><row><c>141285
</c><c>誻郸蹁遘
</c><c>轂迸询逗 4-6
</c><c>246-048-9685
</c></row><row><c>933212
</c><c>鏅詞裞鉳
</c><c>誧辷谾裇 5-1
</c><c>414-449-1430
</c></row><row><c>371844
</c><c>諺躾霘迊
</c><c>褧貋覈訋 1-9
</c><c>762-775-9812
</c></row><row><c>607472
</c><c>贊鋥覘迉
</c><c>逺觑貈踴 2-1
</c><c>863-917-0112
</c></row><row><c>164162
</c><c>赧賜譫賵
</c><c>貖諙褘襁 0-5
</c><c>458-246-8499
</c></row><row><c>650378
</c><c>預郪贯踱
</c><c>裡轑詅路 1-9
</c><c>105-806-8946
</c></row><row><c>893354
</c><c>镈頠酘迩
</c><c>訥試逩逝 5-0
</c><c>070-227-3654
</c></row><row><c>165782
</c><c>迢鞨詑霁
</c><c>辽諴輈軙 7-2
</c><c>023-051-8825
</c></row><row><c>618484
</c><c>詡襡酮鑺
</c><c>诜褏躝躘 4-7
</c><c>499-936-3337
</c></row><row><c>624397
</c><c>鉴跛铗裬
</c><c>遀試跬趵 8-0
</c><c>930-614-8654
</c></row><row><c>916487
</c><c>酭醖轩郊
</c><c>跽质訜訷 9-6
</c><c>130-876-4080
</c></row><row><c>900453
</c><c>鋵謶裩鏉
</c><c>袩誝见辪 5-5
</c><c>584-659-9565
</c></row><row><c>622171
</c><c>鉝郷觮躡
</c><c>覣褭返觞 5-7
</c><c>406-534-6375
</c></row><row><c>852321
</c><c>闟鈠见钼
</c><c>逾詥踅襬 6-9
</c><c>133-304-2748
</c></row><row><c>218838
</c><c>鞪霷郱谶
</c><c>辤踸購轹 2-8
</c><c>440-201-7343
</c></row><row><c>048714
</c><c>褊躂鋷資
</c><c>蹆辊请跈 2-6
</c><c>677-277-1515
</c></row><row><c>569791
</c><c>賵郩錰謜
</c><c>諝贫輍辔 9-9
</c><c>695-696-5926
</c></row><row><c>086167
</c><c>錁錰鏓鏗
</c><c>謞詰躰豏 4-0
</c><c>150-282-1785
</c></row><row><c>859794
</c><c>诎銐鞬讖
</c><c>覷调诹谮 5-3
</c><c>272-947-8852
</c></row><row><c>482906
</c><c>鑘譅韌跛
</c><c>詪躱豯躢 4-9
</c><c>438-468-5393
</c></row><row><c>422514
</c><c>諫顱霞郘
</c><c>趏誆逵詼 9-2
</c><c>102-942-2347
</c></row><row><c>167425
</c><c>訟逘靬輯
</c><c>逷赈贬軏 9-8
</c><c>092-598-1930
</c></row><row><c>081031
</c><c>諒迁跥販
</c><c>辊諕躇軝 6-1
</c><c>079-123-0374
</c></row><row><c>916554
</c><c>諏貓覊鍴
</c><c>裃迉赠讝 1-9
</c><c>487-404-2350
</c></row><row><c>101348
</c><c>閬譻躄韴
</c><c>輺覟輓觗 6-1
</c><c>306-962-2056
</c></row><row><c>176549
</c><c>轲蹚锌陼
</c><c>觵轱覠赀 7-1
</c><c>977-892-8404
</c></row><row><c>937966
</c><c>郐裙謌辩
</c><c>贂轲贌趩 8-2
</c><c>983-396-5247
</c></row><row><c>108699
</c><c>鎈銂輮谆
</c><c>訫踨踾覓 1-2
</c><c>653-928-1290
</c></row><row><c>932574
</c><c>詹锱队韄
</c><c>辕讥輛讑 7-9
</c><c>680-881-1403
</c></row><row><c>796730
</c><c>鈙邃逈雒
</c><c>詽謮誄輇 3-0
</c><c>504-900-1556
</c></row><row><c>061151
</c><c>踾輹郿邤
</c><c>轂诡諉蹀 4-9
</c><c>019-118-4076
</c></row><row><c>924972
</c><c>轘諈钓钭
</c><c>誰謱貍譪 4-3
</c><c>998-525-4790
</c></row><row><c>614830
</c><c>鍴辦赫詚
</c><c>褱誂軺西 1-8
</c><c>534-012-6315
</c></row><row><c>626845
</c><c>觐褮霊轂
</c><c>诸豻貍豨 2-3
</c><c>172-463-7633
</c></row><row><c>187896
</c><c>铿長郿辜
</c><c>訤谗袢輕 4-3
</c><c>938-354-7583
</c></row><row><c>304439
</c><c>谹鈄觾謑
</c><c>訴迂謍跧 0-2
</c><c>695-325-2377
</c></row><row><c>907077
</c><c>还陭謬裻
</c><c>謢謋诿軧 8-5
</c><c>999-782-1574
</c></row><row><c>007116
</c><c>郉諺雫讶
</c><c>覻轊輇輌 9-2
</c><c>101-525-8436
</c></row><row><c>853415
</c><c>遲逹靧趈
</c><c>讚襈譶訂 8-4
</c><c>862-713-2650
</c></row><row><c>610108
</c><c>隩譊辱訧
</c><c>轞賥裣親 2-9
</c><c>143-512-4947
</c></row><row><c>086939
</c><c>跈親鐜鞁
</c><c>跫豷護躺 1-9
</c><c>151-003-8181
</c></row><row><c>109732
</c><c>锡鞣褪錁
</c><c>蹟蹬躸譑 7-0
</c><c>008-958-4325
</c></row><row><c>228173
</c><c>靃鞷謂閣
</c><c>迓軛詁輂 9-1
</c><c>702-927-2707
</c></row><row><c>776972
</c><c>责辒酾輐
</c><c>谏车讎輯 5-0
</c><c>100-154-7772
</c></row><row><c>267700
</c><c>赮銓鉔釞
</c><c>豸蹁譯譕 0-7
</c><c>135-629-9518
</c></row><row><c>130047
</c><c>逩靘铀鞕
</c><c>襶趘赏貿 0-8
</c><c>706-235-4858
</c></row><row><c>716654
</c><c>雏锌诹譎
</c><c>逍譴速譆 7-0
</c><c>111-206-4556
</c></row><row><c>653234
</c><c>鋉韯遧靺
</c><c>譢貧覝貀 2-7
</c><c>396-993-8439
</c></row><row><c>370682
</c><c>頌頙逌隢
</c><c>褲踰躆觎 2-0
</c><c>888-923-6510
</c></row><row><c>758095
</c><c>謯踏遜鈜
</c><c>覡蹻襘跭 3-5
</c><c>337-448-2795
</c></row><row><c>477087
</c><c>鄅躏輬訽
</c><c>謔赲詁讘 4-0
</c><c>372-670-4223
</c></row><row><c>135705
</c><c>蹾談陘鏰
</c><c>謘輞諡軽 8-8
</c><c>633-886-2357
</c></row><row><c>424710
</c><c>輶鏲輂鋠
</c><c>迵賜谋趒 3-0
</c><c>570-196-0307
</c></row><row><c>972902
</c><c>辇醨醎遫
</c><c>訠說贙踐 0-8
</c><c>438-319-3622
</c></row><row><c>731154
</c><c>頊铱锦觇
</c><c>贴贶讏覑 8-0
</c><c>726-081-3842
</c></row><row><c>486646
</c><c>酙诡贷鉽
</c><c>踠覎譄譓 4-4
</c><c>178-264-0885
</c></row><row><c>047312
</c><c>觜释鋪銲
</c><c>跂譹諌襹 0-5
</c><c>699-593-4096
</c></row><row><c>723537
</c><c>贱趚锳迚
</c><c>週譭詅賰 3-3
</c><c>036-463-2052
</c></row><row><c>827927
</c><c>隬踎閆銀
</c><c>觬軦襞軖 8-2
</c><c>146-114-2852
</c></row><row><c>737932
</c><c>趄辪鄳逼
</c><c>軅贺逸轮 9-4
</c><c>139-848-6386
</c></row><row><c>865995
</c><c>跦轺鈞賹
</c><c>踄趛軆觾 6-1
</c><c>705-566-7421
</c></row><row><c>575446
</c><c>鎖陏顊鏔
</c><c>踎訋诰谊 6-9
</c><c>469-337-9467
</c></row><row><c>468944
</c><c>鑦讟镊豼
</c><c>赑辂訑贽 7-8
</c><c>431-232-8293
</c></row><row><c>719674
</c><c>輬遭貘鉄
</c><c>譪褡褿褍 0-5
</c><c>540-747-0718
</c></row><row><c>405844
</c><c>豘醉賰选
</c><c>諧躢躜褺 9-4
</c><c>731-243-8256
</c></row><row><c>496298
</c><c>贸鋞険鉀
</c><c>辐誰褲轿 2-4
</c><c>031-561-2907
</c></row><row><c>474952
</c><c>軖赮霶闋
</c><c>賖车蹮逊 4-0
</c><c>874-623-0481
</c></row><row><c>983780
</c><c>跡讃诚诪
</c><c>蹈详讜賩 4-4
</c><c>470-341-5602
</c></row><row><c>599855
</c><c>隵觰詴鎎
</c><c>逈违足谿 2-9
</c><c>325-550-0075
</c></row><row><c>768264
</c><c>謩覌襎鎝
</c><c>賢逗謙躱 6-7
</c><c>709-032-5530
</c></row><row><c>615326
</c><c>閏謒遨趯
</c><c>趈軶诨誔 2-8
</c><c>943-146-8062
</c></row><row><c>477817
</c><c>遝韌雙謚
</c><c>襰觝誝逤 4-3
</c><c>895-937-1688
</c></row><row><c>841999
</c><c>賙輺鍘選
</c><c>诼詤辩趡 6-8
</c><c>683-673-5648
</c></row><row><c>980364
</c><c>锾鉟銚鏩
</c><c>購觡躎逢 2-7
</c><c>000-331-8971
</c></row><row><c>200424
</c><c>韣诳韘迭
</c><c>諤軀赒辮 6-4
</c><c>910-144-9317
</c></row><row><c>251126
</c><c>陹鈞镾覗
</c><c>貭轥轙詴 3-9
</c><c>129-471-8274
</c></row><row><c>745493
</c><c>遱譫謿韡
</c><c>趠谫贏趀 6-3
</c><c>860-601-6624
</c></row><row><c>331990
</c><c>鏌鐿鉰頯
</c><c>躺軱蹮譓 8-3
</c><c>108-040-8233
</c></row><row><c>166117
</c><c>諔裊铉隲
</c><c>轌褗速踡 4-5
</c><c>659-412-7603
</c></row><row><c>863203
</c><c>鄿诘谔詍
</c><c>資踝詅诚 9-1
</c><c>716-380-9224
</c></row><row><c>788919
</c><c>鞛謷賦醸
</c><c>謟蹒轚贠 5-4
</c><c>747-230-8941
</c></row><row><c>832123
</c><c>逼郷詍邫
</c><c>迪跣逴袠 2-3
</c><c>484-146-3643
</c></row><row><c>501641
</c><c>镡訇靽谡
</c><c>軘誜褨讵 8-4
</c><c>169-027-8196
</c></row><row><c>104866
</c><c>鋔釦賤隥
</c><c>谦覭覂軖 8-5
</c><c>933-504-3037
</c></row><row><c>662459
</c><c>鋶铒躵豀
</c><c>諶迡轝諲 4-3
</c><c>668-320-8690
</c></row><row><c>982488
</c><c>鉪赊鈄鄑
</c><c>訛賩訆逅 5-3
</c><c>407-329-3584
</c></row><row><c>978611
</c><c>貹靿阘郎
</c><c>貦諬袺讏 6-4
</c><c>189-830-8154
</c></row><row><c>750299
</c><c>跸賬頓閂
</c><c>觴蹯迌辻 6-3
</c><c>403-625-9228
</c></row><row><c>359897
</c><c>贩谆靌鄝
</c><c>赮詎谾讑 6-6
</c><c>049-768-1891
</c></row><row><c>748005
</c><c>鍞酉釢襯
</c><c>迓辯觺袱 9-3
</c><c>728-661-5018
</c></row><row><c>771951
</c><c>阠蹶靲说
</c><c>輚譈蹅躁 4-6
</c><c>676-217-6577
</c></row><row><c>672973
</c><c>闈趚醓躍
</c><c>迯贉裔躣 7-5
</c><c>950-236-9979
</c></row><row><c>442888
</c><c>頝誷鑔謁
</c><c>辕褷詻逅 7-7
</c><c>164-858-5005
</c></row><row><c>908366
</c><c>錤观軠雸
</c><c>赌辣覀跔 2-1
</c><c>829-299-3500
</c></row><row><c>824568
</c><c>鈀霉趣闟
</c><c>迿賙讞襭 3-7
</c><c>212-919-2000
</c></row><row><c>177423
</c><c>閧訂踽襽
</c><c>賕蹝負跾 3-5
</c><c>764-221-7831
</c></row></doc>